Model,Scenario,Region,Variable,Unit,2020,2025,2030,2035,2040,2045,2050,2055,2060,2065,2070,2075,2080,2085,2090,2095,2100,Base gini imputed,Share of final consumption among GDP imputed
SHAPE_Gini,innovation,AFG,Gini,NA,33.271,29.768717742110386,26.63510432537158,26.2,26.2,26.2,26.2,26.2,26.2,26.2,26.2,26.2,26.2,26.2,26.2,26.2,26.2,FALSE,TRUE
SHAPE_Gini,service,AFG,Gini,NA,33.271,28.570939769064697,24.8,24.8,24.8,24.8,24.8,24.8,24.8,24.8,24.8,24.8,24.8,24.8,24.8,24.8,24.8,FALSE,TRUE
SHAPE_Gini,society,AFG,Gini,NA,33.271,27.986686720653285,24,24,24,24,24,24,24,24,24,24,24,24,24,24,24,FALSE,TRUE
SHAPE_Gini,innovation,ALB,Gini,NA,29.420202,NA,NA,NA,NA,NA,NA,NA,NA,NA,NA,NA,NA,NA,NA,NA,NA,FALSE,FALSE
SHAPE_Gini,service,ALB,Gini,NA,29.420202,25.26412850036719,24.95177194059478,24.95177194059478,24.95177194059478,24.95177194059478,24.95177194059478,24.95177194059478,24.95177194059478,24.95177194059478,24.95177194059478,24.95177194059478,24.95177194059478,24.95177194059478,24.95177194059478,24.95177194059478,24.95177194059478,FALSE,FALSE
SHAPE_Gini,society,ALB,Gini,NA,29.420202,24.747497118581865,24.747497118581865,24.747497118581865,24.747497118581865,24.747497118581865,24.747497118581865,24.747497118581865,24.747497118581865,24.747497118581865,24.747497118581865,24.747497118581865,24.747497118581865,24.747497118581865,24.747497118581865,24.747497118581865,24.747497118581865,FALSE,FALSE
SHAPE_Gini,innovation,DZA,Gini,NA,40.447803,36.19005232170616,32.3804951049586,30,30,30,30,30,30,30,30,30,30,30,30,30,30,FALSE,FALSE
SHAPE_Gini,service,DZA,Gini,NA,40.447803,34.733904700910536,30,30,30,30,30,30,30,30,30,30,30,30,30,30,30,FALSE,FALSE
SHAPE_Gini,society,DZA,Gini,NA,40.447803,34.023623909702145,30,30,30,30,30,30,30,30,30,30,30,30,30,30,30,FALSE,FALSE
SHAPE_Gini,innovation,AGO,Gini,NA,48.238605,43.16075310384884,38.61742288134985,34.552347740753774,30.91518401075245,30,30,30,30,30,30,30,30,30,30,30,30,FALSE,FALSE
SHAPE_Gini,service,AGO,Gini,NA,48.238605,41.42413146580214,35.57231117475431,30.54715397854986,30,30,30,30,30,30,30,30,30,30,30,30,30,FALSE,FALSE
SHAPE_Gini,society,AGO,Gini,NA,48.238605,40.577040845671576,34.132335373116604,30,30,30,30,30,30,30,30,30,30,30,30,30,30,FALSE,FALSE
SHAPE_Gini,innovation,ATG,Gini,NA,48.537525,43.428207196225735,38.85672333474591,34.766458156812995,31.10675602666158,30,30,30,30,30,30,30,30,30,30,30,30,TRUE,FALSE
SHAPE_Gini,service,ATG,Gini,NA,48.537525,41.68082424076439,35.79274199476575,30.736445424006632,30,30,30,30,30,30,30,30,30,30,30,30,30,TRUE,FALSE
SHAPE_Gini,society,ATG,Gini,NA,48.537525,40.82848445706101,34.343843099961774,30,30,30,30,30,30,30,30,30,30,30,30,30,30,TRUE,FALSE
SHAPE_Gini,innovation,ARG,Gini,NA,42.622677,38.135987527460564,34.12159083050151,30.52977086186112,30,30,30,30,30,30,30,30,30,30,30,30,30,FALSE,FALSE
SHAPE_Gini,service,ARG,Gini,NA,42.622677,36.601543006320796,31.430990372649536,30,30,30,30,30,30,30,30,30,30,30,30,30,30,FALSE,FALSE
SHAPE_Gini,society,ARG,Gini,NA,42.622677,35.85307049366097,30.15865624356309,30,30,30,30,30,30,30,30,30,30,30,30,30,30,FALSE,FALSE
SHAPE_Gini,innovation,ARM,Gini,NA,31.289574000000002,27.995867171917762,26.2,26.2,26.2,26.2,26.2,26.2,26.2,26.2,26.2,26.2,26.2,26.2,26.2,26.2,26.2,FALSE,FALSE
SHAPE_Gini,service,ARM,Gini,NA,31.289574000000002,26.86942184345805,25.894344012592793,25.894344012592793,25.894344012592793,25.894344012592793,25.894344012592793,25.894344012592793,25.894344012592793,25.894344012592793,25.894344012592793,25.894344012592793,25.894344012592793,25.894344012592793,25.894344012592793,25.894344012592793,25.894344012592793,FALSE,FALSE
SHAPE_Gini,society,ARM,Gini,NA,31.289574000000002,26.319963486540782,25.88539009071841,25.88539009071841,25.88539009071841,25.88539009071841,25.88539009071841,25.88539009071841,25.88539009071841,25.88539009071841,25.88539009071841,25.88539009071841,25.88539009071841,25.88539009071841,25.88539009071841,25.88539009071841,25.88539009071841,FALSE,FALSE
SHAPE_Gini,innovation,AUS,Gini,NA,34.772381,31.11205539990148,27.83703512297702,26.258131927473872,26.258131927473872,26.258131927473872,26.258131927473872,26.258131927473872,26.258131927473872,26.258131927473872,26.258131927473872,26.258131927473872,26.258131927473872,26.258131927473872,26.258131927473872,26.258131927473872,26.258131927473872,FALSE,FALSE
SHAPE_Gini,service,AUS,Gini,NA,34.772381,29.86022671930419,25.914392384174377,25.914392384174377,25.914392384174377,25.914392384174377,25.914392384174377,25.914392384174377,25.914392384174377,25.914392384174377,25.914392384174377,25.914392384174377,25.914392384174377,25.914392384174377,25.914392384174377,25.914392384174377,25.914392384174377,FALSE,FALSE
SHAPE_Gini,society,AUS,Gini,NA,34.772381,29.249608775756563,25.119362614040462,25.119362614040462,25.119362614040462,25.119362614040462,25.119362614040462,25.119362614040462,25.119362614040462,25.119362614040462,25.119362614040462,25.119362614040462,25.119362614040462,25.119362614040462,25.119362614040462,25.119362614040462,25.119362614040462,FALSE,FALSE
SHAPE_Gini,innovation,AUT,Gini,NA,27.286419,NA,NA,NA,NA,NA,NA,NA,NA,NA,NA,NA,NA,NA,NA,NA,NA,FALSE,FALSE
SHAPE_Gini,service,AUT,Gini,NA,27.286419,NA,NA,NA,NA,NA,NA,NA,NA,NA,NA,NA,NA,NA,NA,NA,NA,FALSE,FALSE
SHAPE_Gini,society,AUT,Gini,NA,27.286419,NA,NA,NA,NA,NA,NA,NA,NA,NA,NA,NA,NA,NA,NA,NA,NA,FALSE,FALSE
SHAPE_Gini,innovation,AZE,Gini,NA,16.895983,NA,NA,NA,NA,NA,NA,NA,NA,NA,NA,NA,NA,NA,NA,NA,NA,FALSE,FALSE
SHAPE_Gini,service,AZE,Gini,NA,16.895983,NA,NA,NA,NA,NA,NA,NA,NA,NA,NA,NA,NA,NA,NA,NA,NA,FALSE,FALSE
SHAPE_Gini,society,AZE,Gini,NA,16.895983,NA,NA,NA,NA,NA,NA,NA,NA,NA,NA,NA,NA,NA,NA,NA,NA,FALSE,FALSE
SHAPE_Gini,innovation,BHS,Gini,NA,42.187298,37.746438834549544,33.77304810301884,30.21791759398528,30,30,30,30,30,30,30,30,30,30,30,30,30,FALSE,FALSE
SHAPE_Gini,service,BHS,Gini,NA,42.187298,36.227668244945555,31.109931393706145,30,30,30,30,30,30,30,30,30,30,30,30,30,30,FALSE,FALSE
SHAPE_Gini,society,BHS,Gini,NA,42.187298,35.4868411745016,30,30,30,30,30,30,30,30,30,30,30,30,30,30,30,FALSE,FALSE
SHAPE_Gini,innovation,BHR,Gini,NA,40.803852,36.50862171196677,32.66553018836289,30,30,30,30,30,30,30,30,30,30,30,30,30,30,FALSE,FALSE
SHAPE_Gini,service,BHR,Gini,NA,40.803852,35.039656092026995,30.089744935049865,30,30,30,30,30,30,30,30,30,30,30,30,30,30,FALSE,FALSE
SHAPE_Gini,society,BHR,Gini,NA,40.803852,34.32312292747143,30,30,30,30,30,30,30,30,30,30,30,30,30,30,30,FALSE,FALSE
SHAPE_Gini,innovation,BGD,Gini,NA,37.451,33.508708730118606,29.981403988142553,28.153075046508857,28.153075046508857,28.153075046508857,28.153075046508857,28.153075046508857,28.153075046508857,28.153075046508857,28.153075046508857,28.153075046508857,28.153075046508857,28.153075046508857,28.153075046508857,28.153075046508857,28.153075046508857,FALSE,FALSE
SHAPE_Gini,service,BGD,Gini,NA,37.451,32.160447996490696,27.617270976341953,27.440469986924562,27.440469986924562,27.440469986924562,27.440469986924562,27.440469986924562,27.440469986924562,27.440469986924562,27.440469986924562,27.440469986924562,27.440469986924562,27.440469986924562,27.440469986924562,27.440469986924562,27.440469986924562,FALSE,FALSE
SHAPE_Gini,society,BGD,Gini,NA,37.451,31.502792352955613,27.020109629302926,27.020109629302926,27.020109629302926,27.020109629302926,27.020109629302926,27.020109629302926,27.020109629302926,27.020109629302926,27.020109629302926,27.020109629302926,27.020109629302926,27.020109629302926,27.020109629302926,27.020109629302926,27.020109629302926,FALSE,FALSE
SHAPE_Gini,innovation,BRB,Gini,NA,46.162476,41.303168474675985,36.955377481213716,33.065258071335194,30,30,30,30,30,30,30,30,30,30,30,30,30,FALSE,FALSE
SHAPE_Gini,service,BRB,Gini,NA,46.162476,39.641288851759626,34.041323559608074,30,30,30,30,30,30,30,30,30,30,30,30,30,30,FALSE,FALSE
SHAPE_Gini,society,BRB,Gini,NA,46.162476,38.830655948473925,32.66332250871364,30,30,30,30,30,30,30,30,30,30,30,30,30,30,FALSE,FALSE
SHAPE_Gini,innovation,BLR,Gini,NA,38.221218,34.197849490597484,30.59800213016651,30,30,30,30,30,30,30,30,30,30,30,30,30,30,FALSE,FALSE
SHAPE_Gini,service,BLR,Gini,NA,38.221218,32.8218604002973,30,30,30,30,30,30,30,30,30,30,30,30,30,30,30,FALSE,FALSE
SHAPE_Gini,society,BLR,Gini,NA,38.221218,32.150679397907915,30,30,30,30,30,30,30,30,30,30,30,30,30,30,30,FALSE,FALSE
SHAPE_Gini,innovation,BEL,Gini,NA,27.364017,NA,NA,NA,NA,NA,NA,NA,NA,NA,NA,NA,NA,NA,NA,NA,NA,FALSE,FALSE
SHAPE_Gini,service,BEL,Gini,NA,27.364017,NA,NA,NA,NA,NA,NA,NA,NA,NA,NA,NA,NA,NA,NA,NA,NA,FALSE,FALSE
SHAPE_Gini,society,BEL,Gini,NA,27.364017,NA,NA,NA,NA,NA,NA,NA,NA,NA,NA,NA,NA,NA,NA,NA,NA,FALSE,FALSE
SHAPE_Gini,innovation,BLZ,Gini,NA,52.901421,47.33273631407384,42.350240969475,37.89222956119926,33.9034921230679,30.334630383320942,30,30,30,30,30,30,30,30,30,30,30,FALSE,FALSE
SHAPE_Gini,service,BLZ,Gini,NA,52.901421,45.428250220580516,39.010784192426016,33.49988775527591,30,30,30,30,30,30,30,30,30,30,30,30,30,FALSE,FALSE
SHAPE_Gini,society,BLZ,Gini,NA,52.901421,44.49927854901833,37.43161816736686,31.486488867097776,30,30,30,30,30,30,30,30,30,30,30,30,30,FALSE,FALSE
SHAPE_Gini,innovation,BEN,Gini,NA,49.003887,43.845477453917,39.23006950779117,35.100503927769125,31.405638364689853,30,30,30,30,30,30,30,30,30,30,30,30,FALSE,FALSE
SHAPE_Gini,service,BEN,Gini,NA,49.003887,42.08130515845789,36.13664858543272,31.03176971507484,30,30,30,30,30,30,30,30,30,30,30,30,30,FALSE,FALSE
SHAPE_Gini,society,BEN,Gini,NA,49.003887,41.22077585775282,34.67382826825753,30,30,30,30,30,30,30,30,30,30,30,30,30,30,FALSE,FALSE
SHAPE_Gini,innovation,BMU,Gini,NA,48.537525,43.428207196225735,38.85672333474591,34.766458156812995,31.10675602666158,30,30,30,30,30,30,30,30,30,30,30,30,TRUE,FALSE
SHAPE_Gini,service,BMU,Gini,NA,48.537525,41.68082424076439,35.79274199476575,30.736445424006632,30,30,30,30,30,30,30,30,30,30,30,30,30,TRUE,FALSE
SHAPE_Gini,society,BMU,Gini,NA,48.537525,40.82848445706101,34.343843099961774,30,30,30,30,30,30,30,30,30,30,30,30,30,30,TRUE,FALSE
SHAPE_Gini,innovation,BTN,Gini,NA,43.581486,38.99386719713069,34.889165527478006,31.21654656743893,30,30,30,30,30,30,30,30,30,30,30,30,30,FALSE,FALSE
SHAPE_Gini,service,BTN,Gini,NA,43.581486,37.424904918768185,32.13803926233353,30,30,30,30,30,30,30,30,30,30,30,30,30,30,FALSE,FALSE
SHAPE_Gini,society,BTN,Gini,NA,43.581486,36.659595308302634,30.837083622355706,30,30,30,30,30,30,30,30,30,30,30,30,30,30,FALSE,FALSE
SHAPE_Gini,innovation,BOL,Gini,NA,52.665359,47.12152345459749,42.16126149794557,37.72314307305604,33.75220457717087,30.199268168427935,30,30,30,30,30,30,30,30,30,30,30,FALSE,FALSE
SHAPE_Gini,service,BOL,Gini,NA,52.665359,45.22553574900572,38.836706378182946,33.3504012130659,30,30,30,30,30,30,30,30,30,30,30,30,30,FALSE,FALSE
SHAPE_Gini,society,BOL,Gini,NA,52.665359,44.30070942754164,37.264587065351186,31.345986714330564,30,30,30,30,30,30,30,30,30,30,30,30,30,FALSE,FALSE
SHAPE_Gini,innovation,BIH,Gini,NA,32.908115,29.44403194553542,27.922292551952136,27.922292551952136,27.922292551952136,27.922292551952136,27.922292551952136,27.922292551952136,27.922292551952136,27.922292551952136,27.922292551952136,27.922292551952136,27.922292551952136,27.922292551952136,27.922292551952136,27.922292551952136,27.922292551952136,FALSE,FALSE
SHAPE_Gini,service,BIH,Gini,NA,32.908115,28.259318072148556,27.679530626901464,27.679530626901464,27.679530626901464,27.679530626901464,27.679530626901464,27.679530626901464,27.679530626901464,27.679530626901464,27.679530626901464,27.679530626901464,27.679530626901464,27.679530626901464,27.679530626901464,27.679530626901464,27.679530626901464,FALSE,FALSE
SHAPE_Gini,society,BIH,Gini,NA,32.908115,27.681437440180073,27.66624109803194,27.66624109803194,27.66624109803194,27.66624109803194,27.66624109803194,27.66624109803194,27.66624109803194,27.66624109803194,27.66624109803194,27.66624109803194,27.66624109803194,27.66624109803194,27.66624109803194,27.66624109803194,27.66624109803194,FALSE,FALSE
SHAPE_Gini,innovation,BWA,Gini,NA,66.101418,59.14323148673784,52.9175006607855,47.34712334431978,42.36311354446639,37.90374710054382,33.9137972650183,30.343850751269425,30,30,30,30,30,30,30,30,30,FALSE,FALSE
SHAPE_Gini,service,BWA,Gini,NA,66.101418,56.763536783618434,48.74478045516668,41.85880155212796,35.94557716783624,30.867690187446016,30,30,30,30,30,30,30,30,30,30,30,FALSE,FALSE
SHAPE_Gini,society,BWA,Gini,NA,66.101418,55.60276749592594,46.77157989569903,39.34301806290566,33.09430799108966,30,30,30,30,30,30,30,30,30,30,30,30,FALSE,FALSE
SHAPE_Gini,innovation,BRA,Gini,NA,56.705429,50.73631421797604,45.395540177029574,40.61696439183147,36.3414068865312,32.51591728401112,30,30,30,30,30,30,30,30,30,30,30,FALSE,FALSE
SHAPE_Gini,service,BRA,Gini,NA,56.705429,48.69488132421552,41.81595147052734,35.908780344761766,30.836091503434304,30,30,30,30,30,30,30,30,30,30,30,30,FALSE,FALSE
SHAPE_Gini,society,BRA,Gini,NA,56.705429,47.69910963852146,40.12323159229941,33.750603011448476,30,30,30,30,30,30,30,30,30,30,30,30,30,FALSE,FALSE
SHAPE_Gini,innovation,BRN,Gini,NA,44.446957,39.76823412066717,35.582018473755056,31.83646613085785,30,30,30,30,30,30,30,30,30,30,30,30,30,FALSE,FALSE
SHAPE_Gini,service,BRN,Gini,NA,44.446957,38.16811431472479,32.77625845886141,30,30,30,30,30,30,30,30,30,30,30,30,30,30,FALSE,FALSE
SHAPE_Gini,society,BRN,Gini,NA,44.446957,37.387606661818026,31.449467550699126,30,30,30,30,30,30,30,30,30,30,30,30,30,30,FALSE,FALSE
SHAPE_Gini,innovation,BGR,Gini,NA,38.080559,34.071997004381636,30.48539754541395,30,30,30,30,30,30,30,30,30,30,30,30,30,30,FALSE,FALSE
SHAPE_Gini,service,BGR,Gini,NA,38.080559,32.701071730976366,30,30,30,30,30,30,30,30,30,30,30,30,30,30,30,FALSE,FALSE
SHAPE_Gini,society,BGR,Gini,NA,38.080559,32.03236076103375,30,30,30,30,30,30,30,30,30,30,30,30,30,30,30,FALSE,FALSE
SHAPE_Gini,innovation,BFA,Gini,NA,45.127071,40.37675570698732,36.12648384429234,32.3236181832722,30,30,30,30,30,30,30,30,30,30,30,30,30,FALSE,FALSE
SHAPE_Gini,service,BFA,Gini,NA,45.127071,38.75215134787972,33.27779093150043,29.54129236902937,29.54129236902937,29.54129236902937,29.54129236902937,29.54129236902937,29.54129236902937,29.54129236902937,29.54129236902937,29.54129236902937,29.54129236902937,29.54129236902937,29.54129236902937,29.54129236902937,29.54129236902937,FALSE,FALSE
SHAPE_Gini,society,BFA,Gini,NA,45.127071,37.95970060105431,31.93069786695624,29.54116145197813,29.54116145197813,29.54116145197813,29.54116145197813,29.54116145197813,29.54116145197813,29.54116145197813,29.54116145197813,29.54116145197813,29.54116145197813,29.54116145197813,29.54116145197813,29.54116145197813,29.54116145197813,FALSE,FALSE
SHAPE_Gini,innovation,BDI,Gini,NA,38.830997000000004,34.743439912768935,31.08616080530164,27.81386633100536,27.27816846687092,27.27816846687092,27.27816846687092,27.27816846687092,27.27816846687092,27.27816846687092,27.27816846687092,27.27816846687092,27.27816846687092,27.27816846687092,27.27816846687092,27.27816846687092,27.27816846687092,FALSE,FALSE
SHAPE_Gini,service,BDI,Gini,NA,38.830997000000004,33.34549837575462,28.634914059184574,24.8,24.8,24.8,24.8,24.8,24.8,24.8,24.8,24.8,24.8,24.8,24.8,24.8,24.8,FALSE,FALSE
SHAPE_Gini,society,BDI,Gini,NA,38.830997000000004,32.66360939225234,27.475765778809002,24,24,24,24,24,24,24,24,24,24,24,24,24,24,FALSE,FALSE
SHAPE_Gini,innovation,CPV,Gini,NA,52.831421,47.270104886045,42.29420245837596,37.84208996156008,33.85863048412224,30.294491118879776,30,30,30,30,30,30,30,30,30,30,30,FALSE,FALSE
SHAPE_Gini,service,CPV,Gini,NA,52.831421,45.36813883878151,38.95916450354337,33.455560172036336,30,30,30,30,30,30,30,30,30,30,30,30,30,FALSE,FALSE
SHAPE_Gini,society,CPV,Gini,NA,52.831421,44.440396397281205,37.38208805603552,31.444825445226805,30,30,30,30,30,30,30,30,30,30,30,30,30,FALSE,FALSE
SHAPE_Gini,innovation,KHM,Gini,NA,37.170998,33.25818122853384,29.757248342646093,29.757248342646093,29.757248342646093,29.757248342646093,29.757248342646093,29.757248342646093,29.757248342646093,29.757248342646093,29.757248342646093,29.757248342646093,29.757248342646093,29.757248342646093,29.757248342646093,29.757248342646093,29.757248342646093,FALSE,FALSE
SHAPE_Gini,service,KHM,Gini,NA,37.170998,31.92000075182664,28.072415091703398,28.072415091703398,28.072415091703398,28.072415091703398,28.072415091703398,28.072415091703398,28.072415091703398,28.072415091703398,28.072415091703398,28.072415091703398,28.072415091703398,28.072415091703398,28.072415091703398,28.072415091703398,28.072415091703398,FALSE,FALSE
SHAPE_Gini,society,KHM,Gini,NA,37.170998,31.267262063659935,28.071998424358867,28.071998424358867,28.071998424358867,28.071998424358867,28.071998424358867,28.071998424358867,28.071998424358867,28.071998424358867,28.071998424358867,28.071998424358867,28.071998424358867,28.071998424358867,28.071998424358867,28.071998424358867,28.071998424358867,FALSE,FALSE
SHAPE_Gini,innovation,CMR,Gini,NA,48.344894,43.25585355890252,38.70251255715279,34.62848042512591,30.983302564208106,30,30,30,30,30,30,30,30,30,30,30,30,FALSE,FALSE
SHAPE_Gini,service,CMR,Gini,NA,48.344894,41.51540544665977,35.65069124777784,30.61446161419202,30,30,30,30,30,30,30,30,30,30,30,30,30,FALSE,FALSE
SHAPE_Gini,society,CMR,Gini,NA,48.344894,40.66644834604281,34.20754260173511,30,30,30,30,30,30,30,30,30,30,30,30,30,30,FALSE,FALSE
SHAPE_Gini,innovation,CAN,Gini,NA,28.603531,NA,NA,NA,NA,NA,NA,NA,NA,NA,NA,NA,NA,NA,NA,NA,NA,FALSE,FALSE
SHAPE_Gini,service,CAN,Gini,NA,28.603531,NA,NA,NA,NA,NA,NA,NA,NA,NA,NA,NA,NA,NA,NA,NA,NA,FALSE,FALSE
SHAPE_Gini,society,CAN,Gini,NA,28.603531,NA,NA,NA,NA,NA,NA,NA,NA,NA,NA,NA,NA,NA,NA,NA,NA,FALSE,FALSE
SHAPE_Gini,innovation,CAF,Gini,NA,61.88142,55.36745290075394,49.53918059277254,44.32442319863179,39.65859887836012,35.483924019641066,31.748697620245437,30,30,30,30,30,30,30,30,30,30,FALSE,FALSE
SHAPE_Gini,service,CAF,Gini,NA,61.88142,53.139680912632485,45.63285211451834,39.18648280047309,33.65076612827406,30,30,30,30,30,30,30,30,30,30,30,30,FALSE,FALSE
SHAPE_Gini,society,CAF,Gini,NA,61.88142,52.05301660212102,43.78562317058475,36.8313101062106,30.981525576440365,30,30,30,30,30,30,30,30,30,30,30,30,FALSE,FALSE
SHAPE_Gini,innovation,TCD,Gini,NA,48.876339,43.731355834170955,39.12796093616746,35.009143846986575,31.323895331486398,30,30,30,30,30,30,30,30,30,30,30,30,FALSE,FALSE
SHAPE_Gini,service,TCD,Gini,NA,48.876339,41.97177535094791,36.04259161289552,30.950999792402826,30,30,30,30,30,30,30,30,30,30,30,30,30,FALSE,FALSE
SHAPE_Gini,society,TCD,Gini,NA,48.876339,41.11348584789902,34.58357874482769,30,30,30,30,30,30,30,30,30,30,30,30,30,30,FALSE,FALSE
SHAPE_Gini,innovation,CHL,Gini,NA,54.839699,49.06698087202949,43.90192972970381,39.28057931704839,35.1456968061012,31.446074000499443,30,30,30,30,30,30,30,30,30,30,30,FALSE,FALSE
SHAPE_Gini,service,CHL,Gini,NA,54.839699,47.09271549044626,40.44011715425567,34.727304603653586,30,30,30,30,30,30,30,30,30,30,30,30,30,FALSE,FALSE
SHAPE_Gini,society,CHL,Gini,NA,54.839699,46.129706824800074,38.80309138352503,32.640135924486664,30,30,30,30,30,30,30,30,30,30,30,30,30,FALSE,FALSE
SHAPE_Gini,innovation,CHN,Gini,NA,44.944190999999996,40.21312662758852,35.980079231295306,32.19262489781485,30,30,30,30,30,30,30,30,30,30,30,30,30,FALSE,FALSE
SHAPE_Gini,service,CHN,Gini,NA,44.944190999999996,38.5951060692597,33.14293080717388,30,30,30,30,30,30,30,30,30,30,30,30,30,30,FALSE,FALSE
SHAPE_Gini,society,CHN,Gini,NA,44.944190999999996,37.8058667737731,29.833583872526187,29.833583872526187,29.833583872526187,29.833583872526187,29.833583872526187,29.833583872526187,29.833583872526187,29.833583872526187,29.833583872526187,29.833583872526187,29.833583872526187,29.833583872526187,29.833583872526187,29.833583872526187,29.833583872526187,FALSE,FALSE
SHAPE_Gini,innovation,COL,Gini,NA,54.024551,48.33763968210295,43.24936286905586,38.69670511181008,34.62328430234001,30.978653412918188,30,30,30,30,30,30,30,30,30,30,30,FALSE,FALSE
SHAPE_Gini,service,COL,Gini,NA,54.024551,46.392720166864954,39.839007352065515,34.21111116333111,30,30,30,30,30,30,30,30,30,30,30,30,30,FALSE,FALSE
SHAPE_Gini,society,COL,Gini,NA,54.024551,45.4440258501685,38.2263146522177,32.15496656718269,30,30,30,30,30,30,30,30,30,30,30,30,30,FALSE,FALSE
SHAPE_Gini,innovation,COM,Gini,NA,61.571423,55.09008783225883,49.29101244527015,44.10237854906968,39.45992782852812,35.306166140227234,31.589651479801617,30,30,30,30,30,30,30,30,30,30,FALSE,FALSE
SHAPE_Gini,service,COM,Gini,NA,61.571423,52.873475940867564,45.40425284745329,38.99017683159425,33.4821915133498,30,30,30,30,30,30,30,30,30,30,30,30,FALSE,FALSE
SHAPE_Gini,society,COM,Gini,NA,61.571423,51.792255310806,43.56627765740791,36.646802452071526,30.82632260947355,30,30,30,30,30,30,30,30,30,30,30,30,FALSE,FALSE
SHAPE_Gini,innovation,COD,Gini,NA,47.859947,42.8219546570696,38.31428815941073,34.28112259046557,30.672509461039756,30,30,30,30,30,30,30,30,30,30,30,30,FALSE,FALSE
SHAPE_Gini,service,COD,Gini,NA,47.859947,41.09896495709863,35.29307962971253,30.307368349773704,28.289722647828828,28.289722647828828,28.289722647828828,28.289722647828828,28.289722647828828,28.289722647828828,28.289722647828828,28.289722647828828,28.289722647828828,28.289722647828828,28.289722647828828,28.289722647828828,28.289722647828828,FALSE,FALSE
SHAPE_Gini,society,COD,Gini,NA,47.859947,40.2585237340648,33.8644071888809,28.48584517976161,28.289642074558504,28.289642074558504,28.289642074558504,28.289642074558504,28.289642074558504,28.289642074558504,28.289642074558504,28.289642074558504,28.289642074558504,28.289642074558504,28.289642074558504,28.289642074558504,28.289642074558504,FALSE,FALSE
SHAPE_Gini,innovation,COG,Gini,NA,45.632988,40.829417195188306,36.531495778859345,32.68599640942445,30,30,30,30,30,30,30,30,30,30,30,30,30,FALSE,FALSE
SHAPE_Gini,service,COG,Gini,NA,45.632988,39.18659948995978,33.65086633350673,30,30,30,30,30,30,30,30,30,30,30,30,30,30,FALSE,FALSE
SHAPE_Gini,society,COG,Gini,NA,45.632988,38.38526462334558,32.28867108601929,30,30,30,30,30,30,30,30,30,30,30,30,30,30,FALSE,FALSE
SHAPE_Gini,innovation,CRI,Gini,NA,43.418301,38.84785991737516,34.758527749853776,31.099660416480067,30,30,30,30,30,30,30,30,30,30,30,30,30,FALSE,FALSE
SHAPE_Gini,service,CRI,Gini,NA,43.418301,37.284772406784334,32.017702706186185,30,30,30,30,30,30,30,30,30,30,30,30,30,30,FALSE,FALSE
SHAPE_Gini,society,CRI,Gini,NA,43.418301,36.52232839499946,30.721618319247085,30,30,30,30,30,30,30,30,30,30,30,30,30,30,FALSE,FALSE
SHAPE_Gini,innovation,CIV,Gini,NA,48.727535,43.598215733936605,39.008835870373446,34.90255851863358,31.228529741176814,30,30,30,30,30,30,30,30,30,30,30,30,FALSE,FALSE
SHAPE_Gini,service,CIV,Gini,NA,48.727535,41.84399229298765,35.93285995311705,30.856769482454514,30,30,30,30,30,30,30,30,30,30,30,30,30,FALSE,FALSE
SHAPE_Gini,society,CIV,Gini,NA,48.727535,40.988315852083446,34.47828904930558,30,30,30,30,30,30,30,30,30,30,30,30,30,30,FALSE,FALSE
SHAPE_Gini,innovation,HRV,Gini,NA,31.768972,28.42480119097737,26.2,26.2,26.2,26.2,26.2,26.2,26.2,26.2,26.2,26.2,26.2,26.2,26.2,26.2,26.2,FALSE,FALSE
SHAPE_Gini,service,HRV,Gini,NA,31.768972,27.281097217910578,25.52834707739548,25.52834707739548,25.52834707739548,25.52834707739548,25.52834707739548,25.52834707739548,25.52834707739548,25.52834707739548,25.52834707739548,25.52834707739548,25.52834707739548,25.52834707739548,25.52834707739548,25.52834707739548,25.52834707739548,FALSE,FALSE
SHAPE_Gini,society,HRV,Gini,NA,31.768972,26.723220426233237,25.278686343595755,25.278686343595755,25.278686343595755,25.278686343595755,25.278686343595755,25.278686343595755,25.278686343595755,25.278686343595755,25.278686343595755,25.278686343595755,25.278686343595755,25.278686343595755,25.278686343595755,25.278686343595755,25.278686343595755,FALSE,FALSE
SHAPE_Gini,innovation,CYP,Gini,NA,32.429966,29.01621545009878,27.20322268332858,27.20322268332858,27.20322268332858,27.20322268332858,27.20322268332858,27.20322268332858,27.20322268332858,27.20322268332858,27.20322268332858,27.20322268332858,27.20322268332858,27.20322268332858,27.20322268332858,27.20322268332858,27.20322268332858,FALSE,FALSE
SHAPE_Gini,service,CYP,Gini,NA,32.429966,27.848715256494124,27.197665466783448,27.197665466783448,27.197665466783448,27.197665466783448,27.197665466783448,27.197665466783448,27.197665466783448,27.197665466783448,27.197665466783448,27.197665466783448,27.197665466783448,27.197665466783448,27.197665466783448,27.197665466783448,27.197665466783448,FALSE,FALSE
SHAPE_Gini,society,CYP,Gini,NA,32.429966,27.279231126309323,27.129584664985135,27.129584664985135,27.129584664985135,27.129584664985135,27.129584664985135,27.129584664985135,27.129584664985135,27.129584664985135,27.129584664985135,27.129584664985135,27.129584664985135,27.129584664985135,27.129584664985135,27.129584664985135,27.129584664985135,FALSE,FALSE
SHAPE_Gini,innovation,CZE,Gini,NA,27.593084,NA,NA,NA,NA,NA,NA,NA,NA,NA,NA,NA,NA,NA,NA,NA,NA,FALSE,FALSE
SHAPE_Gini,service,CZE,Gini,NA,27.593084,NA,NA,NA,NA,NA,NA,NA,NA,NA,NA,NA,NA,NA,NA,NA,NA,FALSE,FALSE
SHAPE_Gini,society,CZE,Gini,NA,27.593084,NA,NA,NA,NA,NA,NA,NA,NA,NA,NA,NA,NA,NA,NA,NA,NA,FALSE,FALSE
SHAPE_Gini,innovation,DNK,Gini,NA,24.335772,NA,NA,NA,NA,NA,NA,NA,NA,NA,NA,NA,NA,NA,NA,NA,NA,FALSE,FALSE
SHAPE_Gini,service,DNK,Gini,NA,24.335772,NA,NA,NA,NA,NA,NA,NA,NA,NA,NA,NA,NA,NA,NA,NA,NA,FALSE,FALSE
SHAPE_Gini,society,DNK,Gini,NA,24.335772,NA,NA,NA,NA,NA,NA,NA,NA,NA,NA,NA,NA,NA,NA,NA,NA,FALSE,FALSE
SHAPE_Gini,innovation,DMA,Gini,NA,48.537525,43.428207196225735,38.85672333474591,34.766458156812995,31.10675602666158,27.969749127985953,27.969749127985953,27.969749127985953,27.969749127985953,27.969749127985953,27.969749127985953,27.969749127985953,27.969749127985953,27.969749127985953,27.969749127985953,27.969749127985953,27.969749127985953,TRUE,TRUE
SHAPE_Gini,service,DMA,Gini,NA,48.537525,41.68082424076439,35.79274199476575,30.736445424006632,28.006589341131605,28.006589341131605,28.006589341131605,28.006589341131605,28.006589341131605,28.006589341131605,28.006589341131605,28.006589341131605,28.006589341131605,28.006589341131605,28.006589341131605,28.006589341131605,28.006589341131605,TRUE,TRUE
SHAPE_Gini,society,DMA,Gini,NA,48.537525,40.82848445706101,34.343843099961774,28.010797335707846,28.010797335707846,28.010797335707846,28.010797335707846,28.010797335707846,28.010797335707846,28.010797335707846,28.010797335707846,28.010797335707846,28.010797335707846,28.010797335707846,28.010797335707846,28.010797335707846,28.010797335707846,TRUE,TRUE
SHAPE_Gini,innovation,DOM,Gini,NA,50.952999,45.58941556746213,40.790431428437785,36.496613861082416,32.65478634767082,30,30,30,30,30,30,30,30,30,30,30,30,FALSE,FALSE
SHAPE_Gini,service,DOM,Gini,NA,50.952999,43.75507395275807,37.57397080025314,32.26604720683562,30,30,30,30,30,30,30,30,30,30,30,30,30,FALSE,FALSE
SHAPE_Gini,society,DOM,Gini,NA,50.952999,42.86031740827628,36.052967330503755,30.326804184688047,30,30,30,30,30,30,30,30,30,30,30,30,30,FALSE,FALSE
SHAPE_Gini,innovation,ECU,Gini,NA,38.436932,34.390856288680546,30.770692007069613,29.399278351688217,29.399278351688217,29.399278351688217,29.399278351688217,29.399278351688217,29.399278351688217,29.399278351688217,29.399278351688217,29.399278351688217,29.399278351688217,29.399278351688217,29.399278351688217,29.399278351688217,29.399278351688217,FALSE,FALSE
SHAPE_Gini,service,ECU,Gini,NA,38.436932,33.00710135191715,28.34432102061972,28.34432102061972,28.34432102061972,28.34432102061972,28.34432102061972,28.34432102061972,28.34432102061972,28.34432102061972,28.34432102061972,28.34432102061972,28.34432102061972,28.34432102061972,28.34432102061972,28.34432102061972,28.34432102061972,FALSE,FALSE
SHAPE_Gini,society,ECU,Gini,NA,38.436932,32.33213231904822,27.196936017069266,27.196936017069266,27.196936017069266,27.196936017069266,27.196936017069266,27.196936017069266,27.196936017069266,27.196936017069266,27.196936017069266,27.196936017069266,27.196936017069266,27.196936017069266,27.196936017069266,27.196936017069266,27.196936017069266,FALSE,FALSE
SHAPE_Gini,innovation,EGY,Gini,NA,36.221001,32.408185960917855,30,30,30,30,30,30,30,30,30,30,30,30,30,30,30,FALSE,FALSE
SHAPE_Gini,service,EGY,Gini,NA,36.221001,31.104206003613722,30,30,30,30,30,30,30,30,30,30,30,30,30,30,30,FALSE,FALSE
SHAPE_Gini,society,EGY,Gini,NA,36.221001,30.46814967074838,30,30,30,30,30,30,30,30,30,30,30,30,30,30,30,FALSE,FALSE
SHAPE_Gini,innovation,SLV,Gini,NA,41.751915,37.356886562699785,33.424502173335526,30,30,30,30,30,30,30,30,30,30,30,30,30,30,FALSE,FALSE
SHAPE_Gini,service,SLV,Gini,NA,41.751915,35.85379004863421,30.78886946506625,30,30,30,30,30,30,30,30,30,30,30,30,30,30,FALSE,FALSE
SHAPE_Gini,society,SLV,Gini,NA,41.751915,35.12060849064785,30,30,30,30,30,30,30,30,30,30,30,30,30,30,30,FALSE,FALSE
SHAPE_Gini,innovation,GNQ,Gini,NA,49.411106,44.20983041806669,39.556068742808854,35.39218675099011,31.666617103972936,30,30,30,30,30,30,30,30,30,30,30,30,FALSE,FALSE
SHAPE_Gini,service,GNQ,Gini,NA,49.411106,42.43099796966942,36.43694170096274,31.289641631063933,30,30,30,30,30,30,30,30,30,30,30,30,30,FALSE,FALSE
SHAPE_Gini,society,GNQ,Gini,NA,49.411106,41.56331772844194,34.96196544548944,30,30,30,30,30,30,30,30,30,30,30,30,30,30,FALSE,FALSE
SHAPE_Gini,innovation,EST,Gini,NA,34.905384,31.23105779736034,27.943510695715663,27.56049108890748,27.56049108890748,27.56049108890748,27.56049108890748,27.56049108890748,27.56049108890748,27.56049108890748,27.56049108890748,27.56049108890748,27.56049108890748,27.56049108890748,27.56049108890748,27.56049108890748,27.56049108890748,FALSE,FALSE
SHAPE_Gini,service,EST,Gini,NA,34.905384,29.974440920924362,27.30856641460039,27.30856641460039,27.30856641460039,27.30856641460039,27.30856641460039,27.30856641460039,27.30856641460039,27.30856641460039,27.30856641460039,27.30856641460039,27.30856641460039,27.30856641460039,27.30856641460039,27.30856641460039,27.30856641460039,FALSE,FALSE
SHAPE_Gini,society,EST,Gini,NA,34.905384,29.361487387577878,26.479398340495944,26.479398340495944,26.479398340495944,26.479398340495944,26.479398340495944,26.479398340495944,26.479398340495944,26.479398340495944,26.479398340495944,26.479398340495944,26.479398340495944,26.479398340495944,26.479398340495944,26.479398340495944,26.479398340495944,FALSE,FALSE
SHAPE_Gini,innovation,SWZ,Gini,NA,57.091419,51.081672859473954,45.70454453273124,40.89344130704189,36.58878037248317,32.73725092232034,30,30,30,30,30,30,30,30,30,30,30,FALSE,FALSE
SHAPE_Gini,service,SWZ,Gini,NA,57.091419,49.02634407079547,42.10058980926751,36.153208971256674,31.0459906818606,30,30,30,30,30,30,30,30,30,30,30,30,FALSE,FALSE
SHAPE_Gini,society,SWZ,Gini,NA,57.091419,48.02379423493591,40.396347701910564,33.98034107156242,30,30,30,30,30,30,30,30,30,30,30,30,30,FALSE,FALSE
SHAPE_Gini,innovation,ETH,Gini,NA,38.640999,34.57344211187429,30.934057876276,27.677774564544706,27.52207121718784,27.52207121718784,27.52207121718784,27.52207121718784,27.52207121718784,27.52207121718784,27.52207121718784,27.52207121718784,27.52207121718784,27.52207121718784,27.52207121718784,27.52207121718784,27.52207121718784,FALSE,FALSE
SHAPE_Gini,service,ETH,Gini,NA,38.640999,33.182340628339674,28.49480494992279,24.8,24.8,24.8,24.8,24.8,24.8,24.8,24.8,24.8,24.8,24.8,24.8,24.8,24.8,FALSE,FALSE
SHAPE_Gini,society,ETH,Gini,NA,38.640999,32.50378809131306,27.341328320341425,24.733976723158698,24.733976723158698,24.733976723158698,24.733976723158698,24.733976723158698,24.733976723158698,24.733976723158698,24.733976723158698,24.733976723158698,24.733976723158698,24.733976723158698,24.733976723158698,24.733976723158698,24.733976723158698,FALSE,FALSE
SHAPE_Gini,innovation,FJI,Gini,NA,48.30238,43.217814808456545,38.668477967711866,34.59802849742505,30.956056168234735,30,30,30,30,30,30,30,30,30,30,30,30,FALSE,FALSE
SHAPE_Gini,service,FJI,Gini,NA,48.30238,41.47889722829116,35.61934039844704,30.58753957313706,30,30,30,30,30,30,30,30,30,30,30,30,30,FALSE,FALSE
SHAPE_Gini,society,FJI,Gini,NA,48.30238,40.63068669177208,34.17746084240454,30,30,30,30,30,30,30,30,30,30,30,30,30,30,FALSE,FALSE
SHAPE_Gini,innovation,FIN,Gini,NA,25.760578,NA,NA,NA,NA,NA,NA,NA,NA,NA,NA,NA,NA,NA,NA,NA,NA,FALSE,FALSE
SHAPE_Gini,service,FIN,Gini,NA,25.760578,NA,NA,NA,NA,NA,NA,NA,NA,NA,NA,NA,NA,NA,NA,NA,NA,FALSE,FALSE
SHAPE_Gini,society,FIN,Gini,NA,25.760578,NA,NA,NA,NA,NA,NA,NA,NA,NA,NA,NA,NA,NA,NA,NA,NA,FALSE,FALSE
SHAPE_Gini,innovation,FRA,Gini,NA,28.444317,NA,NA,NA,NA,NA,NA,NA,NA,NA,NA,NA,NA,NA,NA,NA,NA,FALSE,FALSE
SHAPE_Gini,service,FRA,Gini,NA,28.444317,NA,NA,NA,NA,NA,NA,NA,NA,NA,NA,NA,NA,NA,NA,NA,NA,FALSE,FALSE
SHAPE_Gini,society,FRA,Gini,NA,28.444317,NA,NA,NA,NA,NA,NA,NA,NA,NA,NA,NA,NA,NA,NA,NA,NA,FALSE,FALSE
SHAPE_Gini,innovation,GAB,Gini,NA,47.664642,42.64720849919569,38.157936710693626,34.14122952607227,30.547342283978562,30,30,30,30,30,30,30,30,30,30,30,30,FALSE,FALSE
SHAPE_Gini,service,GAB,Gini,NA,47.664642,40.931249908209296,35.14905701060932,30.183691226279343,30,30,30,30,30,30,30,30,30,30,30,30,30,FALSE,FALSE
SHAPE_Gini,society,GAB,Gini,NA,47.664642,40.09423832485025,33.72621464040139,30,30,30,30,30,30,30,30,30,30,30,30,30,30,FALSE,FALSE
SHAPE_Gini,innovation,GMB,Gini,NA,52.97142,47.39536684736801,42.40627868002388,37.942368444558454,33.94835312113302,30.374769074344048,30,30,30,30,30,30,30,30,30,30,30,FALSE,FALSE
SHAPE_Gini,service,GMB,Gini,NA,52.97142,45.488360743645494,39.06240314388453,33.544214705264295,30,30,30,30,30,30,30,30,30,30,30,30,30,FALSE,FALSE
SHAPE_Gini,society,GMB,Gini,NA,52.97142,44.558159859581856,37.48114757112517,31.52815169377701,30,30,30,30,30,30,30,30,30,30,30,30,30,FALSE,FALSE
SHAPE_Gini,innovation,GEO,Gini,NA,41.928738,37.51509623410472,33.56605785402217,30.03271623851803,30,30,30,30,30,30,30,30,30,30,30,30,30,FALSE,FALSE
SHAPE_Gini,service,GEO,Gini,NA,41.928738,36.005633975260565,30.919263011456195,30,30,30,30,30,30,30,30,30,30,30,30,30,30,FALSE,FALSE
SHAPE_Gini,society,GEO,Gini,NA,41.928738,35.26934732945661,30,30,30,30,30,30,30,30,30,30,30,30,30,30,30,FALSE,FALSE
SHAPE_Gini,innovation,DEU,Gini,NA,30.175303,NA,NA,NA,NA,NA,NA,NA,NA,NA,NA,NA,NA,NA,NA,NA,NA,FALSE,FALSE
SHAPE_Gini,service,DEU,Gini,NA,30.175303,NA,NA,NA,NA,NA,NA,NA,NA,NA,NA,NA,NA,NA,NA,NA,NA,FALSE,FALSE
SHAPE_Gini,society,DEU,Gini,NA,30.175303,NA,NA,NA,NA,NA,NA,NA,NA,NA,NA,NA,NA,NA,NA,NA,NA,FALSE,FALSE
SHAPE_Gini,innovation,GHA,Gini,NA,48.291748,43.20830198927365,38.65996651842608,34.59041300851985,30.949242326159442,30,30,30,30,30,30,30,30,30,30,30,30,FALSE,FALSE
SHAPE_Gini,service,GHA,Gini,NA,48.291748,41.46976716812992,35.61150010512989,30.580806846494156,30,30,30,30,30,30,30,30,30,30,30,30,30,FALSE,FALSE
SHAPE_Gini,society,GHA,Gini,NA,48.291748,40.621743334096806,34.16993792606633,30,30,30,30,30,30,30,30,30,30,30,30,30,30,FALSE,FALSE
SHAPE_Gini,innovation,GRC,Gini,NA,33.105152,29.620327783885696,27.32041293536581,27.32041293536581,27.32041293536581,27.32041293536581,27.32041293536581,27.32041293536581,27.32041293536581,27.32041293536581,27.32041293536581,27.32041293536581,27.32041293536581,27.32041293536581,27.32041293536581,27.32041293536581,27.32041293536581,FALSE,FALSE
SHAPE_Gini,service,GRC,Gini,NA,33.105152,28.4285204483704,27.310816083818985,27.310816083818985,27.310816083818985,27.310816083818985,27.310816083818985,27.310816083818985,27.310816083818985,27.310816083818985,27.310816083818985,27.310816083818985,27.310816083818985,27.310816083818985,27.310816083818985,27.310816083818985,27.310816083818985,FALSE,FALSE
SHAPE_Gini,society,GRC,Gini,NA,33.105152,27.847179762063313,26.969536468325224,26.969536468325224,26.969536468325224,26.969536468325224,26.969536468325224,26.969536468325224,26.969536468325224,26.969536468325224,26.969536468325224,26.969536468325224,26.969536468325224,26.969536468325224,26.969536468325224,26.969536468325224,26.969536468325224,FALSE,FALSE
SHAPE_Gini,innovation,GRD,Gini,NA,48.537525,43.428207196225735,38.85672333474591,34.766458156812995,31.10675602666158,30,30,30,30,30,30,30,30,30,30,30,30,TRUE,TRUE
SHAPE_Gini,service,GRD,Gini,NA,48.537525,41.68082424076439,35.79274199476575,30.736445424006632,30,30,30,30,30,30,30,30,30,30,30,30,30,TRUE,TRUE
SHAPE_Gini,society,GRD,Gini,NA,48.537525,40.82848445706101,34.343843099961774,30,30,30,30,30,30,30,30,30,30,30,30,30,30,TRUE,TRUE
SHAPE_Gini,innovation,GTM,Gini,NA,53.898235,48.22462037549021,43.14824057522748,38.60622748798117,34.542330833982,30.906221536816037,30,30,30,30,30,30,30,30,30,30,30,FALSE,FALSE
SHAPE_Gini,service,GTM,Gini,NA,53.898235,46.28424831967463,39.74585888605265,34.13112140612411,30,30,30,30,30,30,30,30,30,30,30,30,30,FALSE,FALSE
SHAPE_Gini,society,GTM,Gini,NA,53.898235,45.33777216618527,38.13693685874729,32.07978432722478,30,30,30,30,30,30,30,30,30,30,30,30,30,FALSE,FALSE
SHAPE_Gini,innovation,GIN,Gini,NA,40.166233,35.93812187613356,32.15508419681352,30,30,30,30,30,30,30,30,30,30,30,30,30,30,FALSE,FALSE
SHAPE_Gini,service,GIN,Gini,NA,40.166233,34.49211096129418,29.619549300683246,29.619549300683246,29.619549300683246,29.619549300683246,29.619549300683246,29.619549300683246,29.619549300683246,29.619549300683246,29.619549300683246,29.619549300683246,29.619549300683246,29.619549300683246,29.619549300683246,29.619549300683246,29.619549300683246,FALSE,FALSE
SHAPE_Gini,society,GIN,Gini,NA,40.166233,33.786774660207556,29.185011699912685,29.185011699912685,29.185011699912685,29.185011699912685,29.185011699912685,29.185011699912685,29.185011699912685,29.185011699912685,29.185011699912685,29.185011699912685,29.185011699912685,29.185011699912685,29.185011699912685,29.185011699912685,29.185011699912685,FALSE,FALSE
SHAPE_Gini,innovation,GNB,Gini,NA,56.301422,50.37483514163819,45.072112309121174,40.327582259953935,36.08248665559517,32.2842523724528,30,30,30,30,30,30,30,30,30,30,30,FALSE,FALSE
SHAPE_Gini,service,GNB,Gini,NA,56.301422,48.34794676669454,41.5180269612929,35.65294243159218,30.6163947823315,30,30,30,30,30,30,30,30,30,30,30,30,FALSE,FALSE
SHAPE_Gini,society,GNB,Gini,NA,56.301422,47.359269617423486,39.83736713960459,33.51014138173668,30,30,30,30,30,30,30,30,30,30,30,30,30,FALSE,FALSE
SHAPE_Gini,innovation,GUY,Gini,NA,43.596664,39.00744748019672,34.901316277784595,31.227418265200694,30,30,30,30,30,30,30,30,30,30,30,30,30,FALSE,FALSE
SHAPE_Gini,service,GUY,Gini,NA,43.596664,37.43793878381026,32.14923188573154,30,30,30,30,30,30,30,30,30,30,30,30,30,30,FALSE,FALSE
SHAPE_Gini,society,GUY,Gini,NA,43.596664,36.672362641146435,30.847823165638374,30,30,30,30,30,30,30,30,30,30,30,30,30,30,FALSE,FALSE
SHAPE_Gini,innovation,HTI,Gini,NA,60.312328,53.963531862630546,48.283043743381,43.20051398895969,38.652998324409616,34.58417832363366,30.9436639373347,30,30,30,30,30,30,30,30,30,30,FALSE,FALSE
SHAPE_Gini,service,HTI,Gini,NA,60.312328,51.792248222778824,44.475765816400525,38.192853425608064,32.79750277514245,30,30,30,30,30,30,30,30,30,30,30,30,FALSE,FALSE
SHAPE_Gini,society,HTI,Gini,NA,60.312328,50.73313784164243,42.67537600702614,35.89739950691966,30.19594463906388,30,30,30,30,30,30,30,30,30,30,30,30,FALSE,FALSE
SHAPE_Gini,innovation,HND,Gini,NA,57.04142,51.036937019902325,45.664517825353514,40.85762802357961,36.5567369855454,32.70858059256614,30,30,30,30,30,30,30,30,30,30,30,FALSE,FALSE
SHAPE_Gini,service,HND,Gini,NA,57.04142,48.98340822824449,42.06371934034689,36.12154704505103,31.018801508508606,30,30,30,30,30,30,30,30,30,30,30,30,FALSE,FALSE
SHAPE_Gini,society,HND,Gini,NA,57.04142,47.98173639629728,40.36096975853263,33.950582079703466,30,30,30,30,30,30,30,30,30,30,30,30,30,FALSE,FALSE
SHAPE_Gini,innovation,HKG,Gini,NA,54.341419,48.62115247262644,43.5030315966977,38.92367132121678,34.82635884247481,31.160351247845952,30,30,30,30,30,30,30,30,30,30,30,FALSE,FALSE
SHAPE_Gini,service,HKG,Gini,NA,54.341419,46.664825500120465,40.072673460306454,34.411768201130506,30,30,30,30,30,30,30,30,30,30,30,30,30,FALSE,FALSE
SHAPE_Gini,society,HKG,Gini,NA,54.341419,45.71056684526333,38.450521899608226,32.34356378377427,30,30,30,30,30,30,30,30,30,30,30,30,30,FALSE,FALSE
SHAPE_Gini,innovation,HUN,Gini,NA,27.066118,NA,NA,NA,NA,NA,NA,NA,NA,NA,NA,NA,NA,NA,NA,NA,NA,FALSE,FALSE
SHAPE_Gini,service,HUN,Gini,NA,27.066118,NA,NA,NA,NA,NA,NA,NA,NA,NA,NA,NA,NA,NA,NA,NA,NA,FALSE,FALSE
SHAPE_Gini,society,HUN,Gini,NA,27.066118,NA,NA,NA,NA,NA,NA,NA,NA,NA,NA,NA,NA,NA,NA,NA,NA,FALSE,FALSE
SHAPE_Gini,innovation,ISL,Gini,NA,27.285984,NA,NA,NA,NA,NA,NA,NA,NA,NA,NA,NA,NA,NA,NA,NA,NA,FALSE,FALSE
SHAPE_Gini,service,ISL,Gini,NA,27.285984,NA,NA,NA,NA,NA,NA,NA,NA,NA,NA,NA,NA,NA,NA,NA,NA,FALSE,FALSE
SHAPE_Gini,society,ISL,Gini,NA,27.285984,NA,NA,NA,NA,NA,NA,NA,NA,NA,NA,NA,NA,NA,NA,NA,NA,FALSE,FALSE
SHAPE_Gini,innovation,IND,Gini,NA,35.485001,31.749661231928847,28.96326950104145,28.96326950104145,28.96326950104145,28.96326950104145,28.96326950104145,28.96326950104145,28.96326950104145,28.96326950104145,28.96326950104145,28.96326950104145,28.96326950104145,28.96326950104145,28.96326950104145,28.96326950104145,28.96326950104145,FALSE,FALSE
SHAPE_Gini,service,IND,Gini,NA,35.485001,30.47217776069852,28.476480010984137,28.476480010984137,28.476480010984137,28.476480010984137,28.476480010984137,28.476480010984137,28.476480010984137,28.476480010984137,28.476480010984137,28.476480010984137,28.476480010984137,28.476480010984137,28.476480010984137,28.476480010984137,28.476480010984137,FALSE,FALSE
SHAPE_Gini,society,IND,Gini,NA,35.485001,29.84904590391237,28.47323499393974,28.47323499393974,28.47323499393974,28.47323499393974,28.47323499393974,28.47323499393974,28.47323499393974,28.47323499393974,28.47323499393974,28.47323499393974,28.47323499393974,28.47323499393974,28.47323499393974,28.47323499393974,28.47323499393974,FALSE,FALSE
SHAPE_Gini,innovation,IDN,Gini,NA,40.59037,36.317611961703136,32.49462713941369,30,30,30,30,30,30,30,30,30,30,30,30,30,30,FALSE,FALSE
SHAPE_Gini,service,IDN,Gini,NA,40.59037,34.8563318347525,30,30,30,30,30,30,30,30,30,30,30,30,30,30,30,FALSE,FALSE
SHAPE_Gini,society,IDN,Gini,NA,40.59037,34.14354750579795,30,30,30,30,30,30,30,30,30,30,30,30,30,30,30,FALSE,FALSE
SHAPE_Gini,innovation,IRN,Gini,NA,45.032211,40.29188117466137,36.050543656251556,32.25567186296116,30,30,30,30,30,30,30,30,30,30,30,30,30,FALSE,FALSE
SHAPE_Gini,service,IRN,Gini,NA,45.032211,38.67069183820182,33.207838878823175,30,30,30,30,30,30,30,30,30,30,30,30,30,30,FALSE,FALSE
SHAPE_Gini,society,IRN,Gini,NA,45.032211,37.879906873714546,31.86357749037209,30,30,30,30,30,30,30,30,30,30,30,30,30,30,FALSE,FALSE
SHAPE_Gini,innovation,IRQ,Gini,NA,36.370998,32.54239347963275,29.116808215799974,27.303022096052363,27.303022096052363,27.303022096052363,27.303022096052363,27.303022096052363,27.303022096052363,27.303022096052363,27.303022096052363,27.303022096052363,27.303022096052363,27.303022096052363,27.303022096052363,27.303022096052363,27.303022096052363,FALSE,FALSE
SHAPE_Gini,service,IRQ,Gini,NA,36.370998,31.233013531266646,26.820851444447175,26.820851444447175,26.820851444447175,26.820851444447175,26.820851444447175,26.820851444447175,26.820851444447175,26.820851444447175,26.820851444447175,26.820851444447175,26.820851444447175,26.820851444447175,26.820851444447175,26.820851444447175,26.820851444447175,FALSE,FALSE
SHAPE_Gini,society,IRQ,Gini,NA,36.370998,30.594323186664276,26.74156536947862,26.74156536947862,26.74156536947862,26.74156536947862,26.74156536947862,26.74156536947862,26.74156536947862,26.74156536947862,26.74156536947862,26.74156536947862,26.74156536947862,26.74156536947862,26.74156536947862,26.74156536947862,26.74156536947862,FALSE,FALSE
SHAPE_Gini,innovation,IRL,Gini,NA,31.574574,NA,NA,NA,NA,NA,NA,NA,NA,NA,NA,NA,NA,NA,NA,NA,NA,FALSE,FALSE
SHAPE_Gini,service,IRL,Gini,NA,31.574574,NA,NA,NA,NA,NA,NA,NA,NA,NA,NA,NA,NA,NA,NA,NA,NA,FALSE,FALSE
SHAPE_Gini,society,IRL,Gini,NA,31.574574,NA,NA,NA,NA,NA,NA,NA,NA,NA,NA,NA,NA,NA,NA,NA,NA,FALSE,FALSE
SHAPE_Gini,innovation,ISR,Gini,NA,36.930943,33.04339569345578,29.565072274333538,26.4528956616792,26.23922853190435,26.23922853190435,26.23922853190435,26.23922853190435,26.23922853190435,26.23922853190435,26.23922853190435,26.23922853190435,26.23922853190435,26.23922853190435,26.23922853190435,26.23922853190435,26.23922853190435,FALSE,FALSE
SHAPE_Gini,service,ISR,Gini,NA,36.930943,31.71385735528723,27.233768397181354,25.92934589320703,25.92934589320703,25.92934589320703,25.92934589320703,25.92934589320703,25.92934589320703,25.92934589320703,25.92934589320703,25.92934589320703,25.92934589320703,25.92934589320703,25.92934589320703,25.92934589320703,25.92934589320703,FALSE,FALSE
SHAPE_Gini,society,ISR,Gini,NA,36.930943,31.065334136013444,26.13133883372981,24.56491186879473,24.56491186879473,24.56491186879473,24.56491186879473,24.56491186879473,24.56491186879473,24.56491186879473,24.56491186879473,24.56491186879473,24.56491186879473,24.56491186879473,24.56491186879473,24.56491186879473,24.56491186879473,FALSE,FALSE
SHAPE_Gini,innovation,ITA,Gini,NA,31.378752,NA,NA,NA,NA,NA,NA,NA,NA,NA,NA,NA,NA,NA,NA,NA,NA,FALSE,FALSE
SHAPE_Gini,service,ITA,Gini,NA,31.378752,26.94600202640192,24.8,24.8,24.8,24.8,24.8,24.8,24.8,24.8,24.8,24.8,24.8,24.8,24.8,24.8,24.8,FALSE,FALSE
SHAPE_Gini,society,ITA,Gini,NA,31.378752,26.394977665506676,24,24,24,24,24,24,24,24,24,24,24,24,24,24,24,FALSE,FALSE
SHAPE_Gini,innovation,JAM,Gini,NA,60.978256,54.55936074269331,48.81615250936898,43.67750489336716,39.079778631549765,34.96603346778762,31.28532297988503,30,30,30,30,30,30,30,30,30,30,FALSE,FALSE
SHAPE_Gini,service,JAM,Gini,NA,60.978256,52.36410325504517,44.966837190375415,38.614553123487546,33.15963065433897,30,30,30,30,30,30,30,30,30,30,30,30,FALSE,FALSE
SHAPE_Gini,society,JAM,Gini,NA,60.978256,51.29329889224239,43.146568692435444,36.29375435262955,30.52934787001863,30,30,30,30,30,30,30,30,30,30,30,30,FALSE,FALSE
SHAPE_Gini,innovation,JPN,Gini,NA,32.221748,28.82991558322292,26.2,26.2,26.2,26.2,26.2,26.2,26.2,26.2,26.2,26.2,26.2,26.2,26.2,26.2,26.2,FALSE,FALSE
SHAPE_Gini,service,JPN,Gini,NA,32.221748,27.66991137513092,24.8,24.8,24.8,24.8,24.8,24.8,24.8,24.8,24.8,24.8,24.8,24.8,24.8,24.8,24.8,FALSE,FALSE
SHAPE_Gini,society,JPN,Gini,NA,32.221748,NA,NA,NA,NA,NA,NA,NA,NA,NA,NA,NA,NA,NA,NA,NA,NA,FALSE,FALSE
SHAPE_Gini,innovation,JOR,Gini,NA,39.131001,35.01186389754559,31.326329055069564,30,30,30,30,30,30,30,30,30,30,30,30,30,30,FALSE,FALSE
SHAPE_Gini,service,JOR,Gini,NA,39.131001,33.60312201840072,30,30,30,30,30,30,30,30,30,30,30,30,30,30,30,FALSE,FALSE
SHAPE_Gini,society,JOR,Gini,NA,39.131001,32.91596483582009,30,30,30,30,30,30,30,30,30,30,30,30,30,30,30,FALSE,FALSE
SHAPE_Gini,innovation,KAZ,Gini,NA,27.674145,NA,NA,NA,NA,NA,NA,NA,NA,NA,NA,NA,NA,NA,NA,NA,NA,FALSE,FALSE
SHAPE_Gini,service,KAZ,Gini,NA,27.674145,NA,NA,NA,NA,NA,NA,NA,NA,NA,NA,NA,NA,NA,NA,NA,NA,FALSE,FALSE
SHAPE_Gini,society,KAZ,Gini,NA,27.674145,NA,NA,NA,NA,NA,NA,NA,NA,NA,NA,NA,NA,NA,NA,NA,NA,FALSE,FALSE
SHAPE_Gini,innovation,KEN,Gini,NA,54.151421,48.45115467173181,43.350928667672065,38.78757955475613,34.70459281852625,31.05140296262748,30,30,30,30,30,30,30,30,30,30,30,FALSE,FALSE
SHAPE_Gini,service,KEN,Gini,NA,54.151421,46.501667752705515,39.932564351044675,34.291451741696896,30,30,30,30,30,30,30,30,30,30,30,30,30,FALSE,FALSE
SHAPE_Gini,society,KEN,Gini,NA,54.151421,45.550745544324045,38.316084441140646,32.230478543365116,30,30,30,30,30,30,30,30,30,30,30,30,30,FALSE,FALSE
SHAPE_Gini,innovation,KIR,Gini,NA,42.472218,NA,NA,NA,NA,NA,NA,NA,NA,NA,NA,NA,NA,NA,NA,NA,NA,TRUE,FALSE
SHAPE_Gini,service,KIR,Gini,NA,42.472218,NA,NA,NA,NA,NA,NA,NA,NA,NA,NA,NA,NA,NA,NA,NA,NA,TRUE,FALSE
SHAPE_Gini,society,KIR,Gini,NA,42.472218,NA,NA,NA,NA,NA,NA,NA,NA,NA,NA,NA,NA,NA,NA,NA,NA,TRUE,FALSE
SHAPE_Gini,innovation,KOR,Gini,NA,38.120998,34.1081791803539,30.517770993275864,29.157744520848578,29.157744520848578,29.157744520848578,29.157744520848578,29.157744520848578,29.157744520848578,29.157744520848578,29.157744520848578,29.157744520848578,29.157744520848578,29.157744520848578,29.157744520848578,29.157744520848578,29.157744520848578,FALSE,FALSE
SHAPE_Gini,service,KOR,Gini,NA,38.120998,32.73579807624164,28.367375311623046,28.367375311623046,28.367375311623046,28.367375311623046,28.367375311623046,28.367375311623046,28.367375311623046,28.367375311623046,28.367375311623046,28.367375311623046,28.367375311623046,28.367375311623046,28.367375311623046,28.367375311623046,28.367375311623046,FALSE,FALSE
SHAPE_Gini,society,KOR,Gini,NA,38.120998,32.066376980092286,27.256072971770486,27.256072971770486,27.256072971770486,27.256072971770486,27.256072971770486,27.256072971770486,27.256072971770486,27.256072971770486,27.256072971770486,27.256072971770486,27.256072971770486,27.256072971770486,27.256072971770486,27.256072971770486,27.256072971770486,FALSE,FALSE
SHAPE_Gini,innovation,KWT,Gini,NA,40.803852,36.50862171196677,32.66553018836289,30,30,30,30,30,30,30,30,30,30,30,30,30,30,FALSE,FALSE
SHAPE_Gini,service,KWT,Gini,NA,40.803852,35.039656092026995,30.089744935049865,30,30,30,30,30,30,30,30,30,30,30,30,30,30,FALSE,FALSE
SHAPE_Gini,society,KWT,Gini,NA,40.803852,34.32312292747143,30,30,30,30,30,30,30,30,30,30,30,30,30,30,30,FALSE,FALSE
SHAPE_Gini,innovation,KGZ,Gini,NA,27.943705,NA,NA,NA,NA,NA,NA,NA,NA,NA,NA,NA,NA,NA,NA,NA,NA,FALSE,FALSE
SHAPE_Gini,service,KGZ,Gini,NA,27.943705,NA,NA,NA,NA,NA,NA,NA,NA,NA,NA,NA,NA,NA,NA,NA,NA,FALSE,FALSE
SHAPE_Gini,society,KGZ,Gini,NA,27.943705,NA,NA,NA,NA,NA,NA,NA,NA,NA,NA,NA,NA,NA,NA,NA,NA,FALSE,FALSE
SHAPE_Gini,innovation,LAO,Gini,NA,42.676144,38.18382630692368,34.16439384582911,30.568068204345522,30,30,30,30,30,30,30,30,30,30,30,30,30,FALSE,FALSE
SHAPE_Gini,service,LAO,Gini,NA,42.676144,36.6474569384729,31.470418228442224,30,30,30,30,30,30,30,30,30,30,30,30,30,30,FALSE,FALSE
SHAPE_Gini,society,LAO,Gini,NA,42.676144,35.89804552233138,30.196488050170977,30,30,30,30,30,30,30,30,30,30,30,30,30,30,FALSE,FALSE
SHAPE_Gini,innovation,LVA,Gini,NA,36.378738,32.54931872610337,29.314673608532615,29.314673608532615,29.314673608532615,29.314673608532615,29.314673608532615,29.314673608532615,29.314673608532615,29.314673608532615,29.314673608532615,29.314673608532615,29.314673608532615,29.314673608532615,29.314673608532615,29.314673608532615,29.314673608532615,FALSE,FALSE
SHAPE_Gini,service,LVA,Gini,NA,36.378738,31.239660132625563,29.302396127245956,29.302396127245956,29.302396127245956,29.302396127245956,29.302396127245956,29.302396127245956,29.302396127245956,29.302396127245956,29.302396127245956,29.302396127245956,29.302396127245956,29.302396127245956,29.302396127245956,29.302396127245956,29.302396127245956,FALSE,FALSE
SHAPE_Gini,society,LVA,Gini,NA,36.378738,30.60083387029921,28.504752506707828,28.504752506707828,28.504752506707828,28.504752506707828,28.504752506707828,28.504752506707828,28.504752506707828,28.504752506707828,28.504752506707828,28.504752506707828,28.504752506707828,28.504752506707828,28.504752506707828,28.504752506707828,28.504752506707828,FALSE,FALSE
SHAPE_Gini,innovation,LBN,Gini,NA,42.187298,37.746438834549544,33.77304810301884,30.21791759398528,30,30,30,30,30,30,30,30,30,30,30,30,30,FALSE,FALSE
SHAPE_Gini,service,LBN,Gini,NA,42.187298,36.227668244945555,31.109931393706145,30,30,30,30,30,30,30,30,30,30,30,30,30,30,FALSE,FALSE
SHAPE_Gini,society,LBN,Gini,NA,42.187298,35.4868411745016,30,30,30,30,30,30,30,30,30,30,30,30,30,30,30,FALSE,FALSE
SHAPE_Gini,innovation,LSO,Gini,NA,59.821423,53.52430213153769,47.89004966779426,42.84888855809007,38.33838685488643,34.30268452919808,30.691801675523863,30,30,30,30,30,30,30,30,30,30,FALSE,FALSE
SHAPE_Gini,service,LSO,Gini,NA,59.821423,51.37069139589257,44.11376062538717,37.88198725060487,32.53055141322799,30,30,30,30,30,30,30,30,30,30,30,30,FALSE,FALSE
SHAPE_Gini,society,LSO,Gini,NA,59.821423,50.32020151737799,42.3280248741246,35.605216905297254,30,30,30,30,30,30,30,30,30,30,30,30,30,FALSE,FALSE
SHAPE_Gini,innovation,LBR,Gini,NA,41.790108,37.39105916456701,33.45507758554132,30,30,30,30,30,30,30,30,30,30,30,30,30,30,FALSE,FALSE
SHAPE_Gini,service,LBR,Gini,NA,41.790108,35.88658767727777,30.817033904744747,30,30,30,30,30,30,30,30,30,30,30,30,30,30,FALSE,FALSE
SHAPE_Gini,society,LBR,Gini,NA,41.790108,35.15273543380922,29.56955288269143,29.56955288269143,29.56955288269143,29.56955288269143,29.56955288269143,29.56955288269143,29.56955288269143,29.56955288269143,29.56955288269143,29.56955288269143,29.56955288269143,29.56955288269143,29.56955288269143,29.56955288269143,29.56955288269143,FALSE,FALSE
SHAPE_Gini,innovation,LBY,Gini,NA,40.803852,36.50862171196677,32.66553018836289,30,30,30,30,30,30,30,30,30,30,30,30,30,30,FALSE,FALSE
SHAPE_Gini,service,LBY,Gini,NA,40.803852,35.039656092026995,30.089744935049865,30,30,30,30,30,30,30,30,30,30,30,30,30,30,FALSE,FALSE
SHAPE_Gini,society,LBY,Gini,NA,40.803852,34.32312292747143,30,30,30,30,30,30,30,30,30,30,30,30,30,30,30,FALSE,FALSE
SHAPE_Gini,innovation,LTU,Gini,NA,37.25108,33.32983337166822,30,30,30,30,30,30,30,30,30,30,30,30,30,30,30,FALSE,FALSE
SHAPE_Gini,service,LTU,Gini,NA,37.25108,31.988769890072753,30,30,30,30,30,30,30,30,30,30,30,30,30,30,30,FALSE,FALSE
SHAPE_Gini,society,LTU,Gini,NA,37.25108,31.334624927594398,30,30,30,30,30,30,30,30,30,30,30,30,30,30,30,FALSE,FALSE
SHAPE_Gini,innovation,MAC,Gini,NA,43.359692,38.795420412155984,34.71160830561087,31.05767996226217,30,30,30,30,30,30,30,30,30,30,30,30,30,FALSE,FALSE
SHAPE_Gini,service,MAC,Gini,NA,43.359692,37.23444286427208,31.974483015533,30,30,30,30,30,30,30,30,30,30,30,30,30,30,FALSE,FALSE
SHAPE_Gini,society,MAC,Gini,NA,43.359692,36.47302805169717,30.6801481721754,30,30,30,30,30,30,30,30,30,30,30,30,30,30,FALSE,FALSE
SHAPE_Gini,innovation,MDG,Gini,NA,45.685802,40.87667171290139,36.57377603493341,32.72382602107222,30,30,30,30,30,30,30,30,30,30,30,30,30,FALSE,FALSE
SHAPE_Gini,service,MDG,Gini,NA,45.685802,39.231952668793106,33.68981265134456,29.711772421892924,29.711772421892924,29.711772421892924,29.711772421892924,29.711772421892924,29.711772421892924,29.711772421892924,29.711772421892924,29.711772421892924,29.711772421892924,29.711772421892924,29.711772421892924,29.711772421892924,29.711772421892924,FALSE,FALSE
SHAPE_Gini,society,MDG,Gini,NA,45.685802,38.42969036565764,32.32604084744576,29.71173211096584,29.71173211096584,29.71173211096584,29.71173211096584,29.71173211096584,29.71173211096584,29.71173211096584,29.71173211096584,29.71173211096584,29.71173211096584,29.71173211096584,29.71173211096584,29.71173211096584,29.71173211096584,FALSE,FALSE
SHAPE_Gini,innovation,MWI,Gini,NA,51.74715,46.29997001318407,41.4261891374065,37.065448335268954,33.163742282389975,30,30,30,30,30,30,30,30,30,30,30,30,FALSE,TRUE
SHAPE_Gini,service,MWI,Gini,NA,51.74715,44.43703843800175,38.15959690805088,32.768944271939795,30,30,30,30,30,30,30,30,30,30,30,30,30,FALSE,TRUE
SHAPE_Gini,society,MWI,Gini,NA,51.74715,43.5283362609075,36.61488715113074,30.799476301005953,30,30,30,30,30,30,30,30,30,30,30,30,30,FALSE,TRUE
SHAPE_Gini,innovation,MYS,Gini,NA,51.901421,46.43800162794748,41.54969081091735,37.175949566353765,33.262611566701224,30,30,30,30,30,30,30,30,30,30,30,30,FALSE,FALSE
SHAPE_Gini,service,MYS,Gini,NA,51.901421,44.569516194880514,38.27336006553109,32.86663656613912,30,30,30,30,30,30,30,30,30,30,30,30,30,FALSE,FALSE
SHAPE_Gini,society,MYS,Gini,NA,51.901421,43.65810495277375,36.72404514834782,30.891297126083906,30,30,30,30,30,30,30,30,30,30,30,30,30,FALSE,FALSE
SHAPE_Gini,innovation,MDV,Gini,NA,42.019253,37.59608314421944,33.638519651624016,30.097550322251468,30,30,30,30,30,30,30,30,30,30,30,30,30,FALSE,FALSE
SHAPE_Gini,service,MDV,Gini,NA,42.019253,36.0833622855968,30.98601095630209,30,30,30,30,30,30,30,30,30,30,30,30,30,30,FALSE,FALSE
SHAPE_Gini,society,MDV,Gini,NA,42.019253,35.34548615752068,30,30,30,30,30,30,30,30,30,30,30,30,30,30,30,FALSE,FALSE
SHAPE_Gini,innovation,MLI,Gini,NA,38.510998,34.457125707943185,30.829985555113346,27.584657448934795,27.584657448934795,27.584657448934795,27.584657448934795,27.584657448934795,27.584657448934795,27.584657448934795,27.584657448934795,27.584657448934795,27.584657448934795,27.584657448934795,27.584657448934795,27.584657448934795,27.584657448934795,FALSE,FALSE
SHAPE_Gini,service,MLI,Gini,NA,38.510998,33.07070434626465,28.39893907600232,26.061979797331187,26.061979797331187,26.061979797331187,26.061979797331187,26.061979797331187,26.061979797331187,26.061979797331187,26.061979797331187,26.061979797331187,26.061979797331187,26.061979797331187,26.061979797331187,26.061979797331187,26.061979797331187,FALSE,FALSE
SHAPE_Gini,society,MLI,Gini,NA,38.510998,32.39443468262767,27.24934312029593,26.06190997885258,26.06190997885258,26.06190997885258,26.06190997885258,26.06190997885258,26.06190997885258,26.06190997885258,26.06190997885258,26.06190997885258,26.06190997885258,26.06190997885258,26.06190997885258,26.06190997885258,26.06190997885258,FALSE,FALSE
SHAPE_Gini,innovation,MLT,Gini,NA,27.744864,NA,NA,NA,NA,NA,NA,NA,NA,NA,NA,NA,NA,NA,NA,NA,NA,FALSE,FALSE
SHAPE_Gini,service,MLT,Gini,NA,27.744864,NA,NA,NA,NA,NA,NA,NA,NA,NA,NA,NA,NA,NA,NA,NA,NA,FALSE,FALSE
SHAPE_Gini,society,MLT,Gini,NA,27.744864,NA,NA,NA,NA,NA,NA,NA,NA,NA,NA,NA,NA,NA,NA,NA,NA,FALSE,FALSE
SHAPE_Gini,innovation,MHL,Gini,NA,42.472218,NA,NA,NA,NA,NA,NA,NA,NA,NA,NA,NA,NA,NA,NA,NA,NA,TRUE,FALSE
SHAPE_Gini,service,MHL,Gini,NA,42.472218,NA,NA,NA,NA,NA,NA,NA,NA,NA,NA,NA,NA,NA,NA,NA,NA,TRUE,FALSE
SHAPE_Gini,society,MHL,Gini,NA,42.472218,NA,NA,NA,NA,NA,NA,NA,NA,NA,NA,NA,NA,NA,NA,NA,NA,TRUE,FALSE
SHAPE_Gini,innovation,MRT,Gini,NA,42.553932,38.074478991462804,34.066557009851465,30.480530193615465,30,30,30,30,30,30,30,30,30,30,30,30,30,FALSE,FALSE
SHAPE_Gini,service,MRT,Gini,NA,42.553932,36.54250933572405,31.380296151046142,28.834599270100835,28.834599270100835,28.834599270100835,28.834599270100835,28.834599270100835,28.834599270100835,28.834599270100835,28.834599270100835,28.834599270100835,28.834599270100835,28.834599270100835,28.834599270100835,28.834599270100835,28.834599270100835,FALSE,FALSE
SHAPE_Gini,society,MRT,Gini,NA,42.553932,35.79524401478714,30.110014136370626,28.832572870370054,28.832572870370054,28.832572870370054,28.832572870370054,28.832572870370054,28.832572870370054,28.832572870370054,28.832572870370054,28.832572870370054,28.832572870370054,28.832572870370054,28.832572870370054,28.832572870370054,28.832572870370054,FALSE,FALSE
SHAPE_Gini,innovation,MUS,Gini,NA,41.277069,36.932025375931424,33.04436413274506,30,30,30,30,30,30,30,30,30,30,30,30,30,30,FALSE,FALSE
SHAPE_Gini,service,MUS,Gini,NA,41.277069,35.446023631466666,30.4387065681067,30,30,30,30,30,30,30,30,30,30,30,30,30,30,FALSE,FALSE
SHAPE_Gini,society,MUS,Gini,NA,41.277069,34.7211805731655,30,30,30,30,30,30,30,30,30,30,30,30,30,30,30,FALSE,FALSE
SHAPE_Gini,innovation,MEX,Gini,NA,54.679356,48.92351642825193,43.77356711563019,39.16572883383488,35.042936095051694,31.35413042795244,30,30,30,30,30,30,30,30,30,30,30,FALSE,FALSE
SHAPE_Gini,service,MEX,Gini,NA,54.679356,46.95502350056344,40.321876357476945,34.625767208233825,30,30,30,30,30,30,30,30,30,30,30,30,30,FALSE,FALSE
SHAPE_Gini,society,MEX,Gini,NA,54.679356,45.99483052685743,38.68963700293646,32.54470109515727,30,30,30,30,30,30,30,30,30,30,30,30,30,FALSE,FALSE
SHAPE_Gini,innovation,FSM,Gini,NA,42.472218,NA,NA,NA,NA,NA,NA,NA,NA,NA,NA,NA,NA,NA,NA,NA,NA,TRUE,TRUE
SHAPE_Gini,service,FSM,Gini,NA,42.472218,NA,NA,NA,NA,NA,NA,NA,NA,NA,NA,NA,NA,NA,NA,NA,NA,TRUE,TRUE
SHAPE_Gini,society,FSM,Gini,NA,42.472218,NA,NA,NA,NA,NA,NA,NA,NA,NA,NA,NA,NA,NA,NA,NA,NA,TRUE,TRUE
SHAPE_Gini,innovation,MDA,Gini,NA,30.781778,27.541524477241534,26.2,26.2,26.2,26.2,26.2,26.2,26.2,26.2,26.2,26.2,26.2,26.2,26.2,26.2,26.2,FALSE,FALSE
SHAPE_Gini,service,MDA,Gini,NA,30.781778,26.43336014014369,25.90532753739594,25.90532753739594,25.90532753739594,25.90532753739594,25.90532753739594,25.90532753739594,25.90532753739594,25.90532753739594,25.90532753739594,25.90532753739594,25.90532753739594,25.90532753739594,25.90532753739594,25.90532753739594,25.90532753739594,FALSE,FALSE
SHAPE_Gini,society,MDA,Gini,NA,30.781778,25.892818899062167,25.892818899062167,25.892818899062167,25.892818899062167,25.892818899062167,25.892818899062167,25.892818899062167,25.892818899062167,25.892818899062167,25.892818899062167,25.892818899062167,25.892818899062167,25.892818899062167,25.892818899062167,25.892818899062167,25.892818899062167,FALSE,FALSE
SHAPE_Gini,innovation,MNG,Gini,NA,39.350998,35.20870284428933,31.50244768830177,30,30,30,30,30,30,30,30,30,30,30,30,30,30,FALSE,FALSE
SHAPE_Gini,service,MNG,Gini,NA,39.350998,33.79204092785264,30,30,30,30,30,30,30,30,30,30,30,30,30,30,30,FALSE,FALSE
SHAPE_Gini,society,MNG,Gini,NA,39.350998,33.10102050347311,30,30,30,30,30,30,30,30,30,30,30,30,30,30,30,FALSE,FALSE
SHAPE_Gini,innovation,MNE,Gini,NA,30.101,26.9324087870898,26.2,26.2,26.2,26.2,26.2,26.2,26.2,26.2,26.2,26.2,26.2,26.2,26.2,26.2,26.2,FALSE,FALSE
SHAPE_Gini,service,MNE,Gini,NA,30.101,25.848752907595696,25.79779550078452,25.79779550078452,25.79779550078452,25.79779550078452,25.79779550078452,25.79779550078452,25.79779550078452,25.79779550078452,25.79779550078452,25.79779550078452,25.79779550078452,25.79779550078452,25.79779550078452,25.79779550078452,25.79779550078452,FALSE,FALSE
SHAPE_Gini,society,MNE,Gini,NA,30.101,25.320166420557978,25.320166420557978,25.320166420557978,25.320166420557978,25.320166420557978,25.320166420557978,25.320166420557978,25.320166420557978,25.320166420557978,25.320166420557978,25.320166420557978,25.320166420557978,25.320166420557978,25.320166420557978,25.320166420557978,25.320166420557978,FALSE,FALSE
SHAPE_Gini,innovation,MAR,Gini,NA,45.80175,40.98041441028837,36.66659822471785,32.806877253914564,30,30,30,30,30,30,30,30,30,30,30,30,30,FALSE,FALSE
SHAPE_Gini,service,MAR,Gini,NA,45.80175,39.33152116160497,33.77531550400977,30,30,30,30,30,30,30,30,30,30,30,30,30,30,FALSE,FALSE
SHAPE_Gini,society,MAR,Gini,NA,45.80175,38.527222761795,32.40808252385498,30,30,30,30,30,30,30,30,30,30,30,30,30,30,FALSE,FALSE
SHAPE_Gini,innovation,MOZ,Gini,NA,51.1521,45.76755813820458,40.94982176555677,36.639225924336145,32.78238630732398,30,30,30,30,30,30,30,30,30,30,30,30,FALSE,FALSE
SHAPE_Gini,service,MOZ,Gini,NA,51.1521,43.92604875600896,37.72079268134205,32.39212815184395,30,30,30,30,30,30,30,30,30,30,30,30,30,FALSE,FALSE
SHAPE_Gini,society,MOZ,Gini,NA,51.1521,43.02779591246217,36.19384582616346,30.44530745551565,30,30,30,30,30,30,30,30,30,30,30,30,30,FALSE,FALSE
SHAPE_Gini,innovation,MMR,Gini,NA,43.027504,38.49820028624104,34.44567514953992,30.819740343334434,30,30,30,30,30,30,30,30,30,30,30,30,30,FALSE,FALSE
SHAPE_Gini,service,MMR,Gini,NA,43.027504,36.94918172574285,31.729519569668025,30,30,30,30,30,30,30,30,30,30,30,30,30,30,FALSE,FALSE
SHAPE_Gini,society,MMR,Gini,NA,43.027504,36.193600277107876,30.445100906133504,30,30,30,30,30,30,30,30,30,30,30,30,30,30,FALSE,FALSE
SHAPE_Gini,innovation,NAM,Gini,NA,66.61142,59.59954796613166,53.32578284275022,47.712427574250974,42.68996390997451,38.19619145973701,34.17545737695045,30.577967129390828,30,30,30,30,30,30,30,30,30,FALSE,FALSE
SHAPE_Gini,service,NAM,Gini,NA,66.61142,57.20149285419348,49.12086823473135,42.181760925090096,36.22291337031757,31.105848221075156,30,30,30,30,30,30,30,30,30,30,30,FALSE,FALSE
SHAPE_Gini,society,NAM,Gini,NA,66.61142,56.03176771235786,47.13244355054477,39.64656704120621,33.3496453768031,30,30,30,30,30,30,30,30,30,30,30,30,FALSE,FALSE
SHAPE_Gini,innovation,NRU,Gini,NA,42.472218,38.00136664132067,34.00114085419508,30.422000090116658,27.219618701966866,26.2,26.2,26.2,26.2,26.2,26.2,26.2,26.2,26.2,26.2,26.2,26.2,TRUE,TRUE
SHAPE_Gini,service,NRU,Gini,NA,42.472218,36.472338743547994,31.320038275941048,26.89558255377694,24.8,24.8,24.8,24.8,24.8,24.8,24.8,24.8,24.8,24.8,24.8,24.8,24.8,TRUE,TRUE
SHAPE_Gini,society,NRU,Gini,NA,42.472218,35.72650835554361,30.0521955146945,25.279113376140685,24.418427215419435,24.418427215419435,24.418427215419435,24.418427215419435,24.418427215419435,24.418427215419435,24.418427215419435,24.418427215419435,24.418427215419435,24.418427215419435,24.418427215419435,24.418427215419435,24.418427215419435,TRUE,TRUE
SHAPE_Gini,innovation,NPL,Gini,NA,38.221001,34.197655333170594,30.597828410782103,30,30,30,30,30,30,30,30,30,30,30,30,30,30,FALSE,FALSE
SHAPE_Gini,service,NPL,Gini,NA,38.221001,32.82167405501372,28.71662636292197,28.71662636292197,28.71662636292197,28.71662636292197,28.71662636292197,28.71662636292197,28.71662636292197,28.71662636292197,28.71662636292197,28.71662636292197,28.71662636292197,28.71662636292197,28.71662636292197,28.71662636292197,28.71662636292197,FALSE,FALSE
SHAPE_Gini,society,NPL,Gini,NA,38.221001,32.150496863237535,28.716580351276612,28.716580351276612,28.716580351276612,28.716580351276612,28.716580351276612,28.716580351276612,28.716580351276612,28.716580351276612,28.716580351276612,28.716580351276612,28.716580351276612,28.716580351276612,28.716580351276612,28.716580351276612,28.716580351276612,FALSE,FALSE
SHAPE_Gini,innovation,NLD,Gini,NA,26.86747,NA,NA,NA,NA,NA,NA,NA,NA,NA,NA,NA,NA,NA,NA,NA,NA,FALSE,FALSE
SHAPE_Gini,service,NLD,Gini,NA,26.86747,NA,NA,NA,NA,NA,NA,NA,NA,NA,NA,NA,NA,NA,NA,NA,NA,FALSE,FALSE
SHAPE_Gini,society,NLD,Gini,NA,26.86747,NA,NA,NA,NA,NA,NA,NA,NA,NA,NA,NA,NA,NA,NA,NA,NA,FALSE,FALSE
SHAPE_Gini,innovation,NZL,Gini,NA,32.865559,29.40595561623262,26.310528468535804,26.2,26.2,26.2,26.2,26.2,26.2,26.2,26.2,26.2,26.2,26.2,26.2,26.2,26.2,FALSE,FALSE
SHAPE_Gini,service,NZL,Gini,NA,32.865559,28.22277378695086,24.8,24.8,24.8,24.8,24.8,24.8,24.8,24.8,24.8,24.8,24.8,24.8,24.8,24.8,24.8,FALSE,FALSE
SHAPE_Gini,society,NZL,Gini,NA,32.865559,27.645640456618285,24.025219883143993,24.025219883143993,24.025219883143993,24.025219883143993,24.025219883143993,24.025219883143993,24.025219883143993,24.025219883143993,24.025219883143993,24.025219883143993,24.025219883143993,24.025219883143993,24.025219883143993,24.025219883143993,24.025219883143993,FALSE,FALSE
SHAPE_Gini,innovation,NIC,Gini,NA,45.089127,40.34280589405694,36.09610776907602,32.29643965514778,30,30,30,30,30,30,30,30,30,30,30,30,30,FALSE,FALSE
SHAPE_Gini,service,NIC,Gini,NA,45.089127,38.719567544008555,33.24981011042953,30,30,30,30,30,30,30,30,30,30,30,30,30,30,FALSE,FALSE
SHAPE_Gini,society,NIC,Gini,NA,45.089127,37.927783110118405,31.90384971632258,30,30,30,30,30,30,30,30,30,30,30,30,30,30,FALSE,FALSE
SHAPE_Gini,innovation,NER,Gini,NA,36.920998,33.034497557002254,29.55711080300668,26.445772257130457,26.2,26.2,26.2,26.2,26.2,26.2,26.2,26.2,26.2,26.2,26.2,26.2,26.2,FALSE,FALSE
SHAPE_Gini,service,NER,Gini,NA,36.920998,31.70531724540164,27.226434714239385,24.8,24.8,24.8,24.8,24.8,24.8,24.8,24.8,24.8,24.8,24.8,24.8,24.8,24.8,FALSE,FALSE
SHAPE_Gini,society,NER,Gini,NA,36.920998,31.05696866459879,26.124302020055666,24,24,24,24,24,24,24,24,24,24,24,24,24,24,FALSE,FALSE
SHAPE_Gini,innovation,NGA,Gini,NA,48.504326,43.39850289938102,38.83014587003195,34.74267837726411,31.08547943307076,30,30,30,30,30,30,30,30,30,30,30,30,FALSE,FALSE
SHAPE_Gini,service,NGA,Gini,NA,48.504326,41.65231512984517,35.76826025117696,30.715422117778477,30,30,30,30,30,30,30,30,30,30,30,30,30,FALSE,FALSE
SHAPE_Gini,society,NGA,Gini,NA,48.504326,40.80055833483928,34.32035238330336,30,30,30,30,30,30,30,30,30,30,30,30,30,30,FALSE,FALSE
SHAPE_Gini,innovation,MKD,Gini,NA,44.398739,39.72509180357153,35.543417546209724,31.801928542066392,30,30,30,30,30,30,30,30,30,30,30,30,30,FALSE,FALSE
SHAPE_Gini,service,MKD,Gini,NA,44.398739,38.126707877473585,32.74070134231079,30,30,30,30,30,30,30,30,30,30,30,30,30,30,FALSE,FALSE
SHAPE_Gini,society,MKD,Gini,NA,44.398739,37.3470469533543,31.415349794868067,30,30,30,30,30,30,30,30,30,30,30,30,30,30,FALSE,FALSE
SHAPE_Gini,innovation,NOR,Gini,NA,25.795984,NA,NA,NA,NA,NA,NA,NA,NA,NA,NA,NA,NA,NA,NA,NA,NA,FALSE,FALSE
SHAPE_Gini,service,NOR,Gini,NA,25.795984,NA,NA,NA,NA,NA,NA,NA,NA,NA,NA,NA,NA,NA,NA,NA,NA,FALSE,FALSE
SHAPE_Gini,society,NOR,Gini,NA,25.795984,NA,NA,NA,NA,NA,NA,NA,NA,NA,NA,NA,NA,NA,NA,NA,NA,FALSE,FALSE
SHAPE_Gini,innovation,OMN,Gini,NA,40.803852,36.50862171196677,32.66553018836289,30,30,30,30,30,30,30,30,30,30,30,30,30,30,FALSE,FALSE
SHAPE_Gini,service,OMN,Gini,NA,40.803852,35.039656092026995,30.089744935049865,30,30,30,30,30,30,30,30,30,30,30,30,30,30,FALSE,FALSE
SHAPE_Gini,society,OMN,Gini,NA,40.803852,34.32312292747143,30,30,30,30,30,30,30,30,30,30,30,30,30,30,30,FALSE,FALSE
SHAPE_Gini,innovation,PAK,Gini,NA,35.061001,31.37029372501127,28.06808990973993,28.06808990973993,28.06808990973993,28.06808990973993,28.06808990973993,28.06808990973993,28.06808990973993,28.06808990973993,28.06808990973993,28.06808990973993,28.06808990973993,28.06808990973993,28.06808990973993,28.06808990973993,28.06808990973993,FALSE,FALSE
SHAPE_Gini,service,PAK,Gini,NA,35.061001,30.10807453380172,27.422126461801003,27.422126461801003,27.422126461801003,27.422126461801003,27.422126461801003,27.422126461801003,27.422126461801003,27.422126461801003,27.422126461801003,27.422126461801003,27.422126461801003,27.422126461801003,27.422126461801003,27.422126461801003,27.422126461801003,FALSE,FALSE
SHAPE_Gini,society,PAK,Gini,NA,35.061001,29.492388299104668,27.421840838289594,27.421840838289594,27.421840838289594,27.421840838289594,27.421840838289594,27.421840838289594,27.421840838289594,27.421840838289594,27.421840838289594,27.421840838289594,27.421840838289594,27.421840838289594,27.421840838289594,27.421840838289594,27.421840838289594,FALSE,FALSE
SHAPE_Gini,innovation,PLW,Gini,NA,42.472218,38.00136664132067,34.00114085419508,30.422000090116658,29.10687028428176,29.10687028428176,29.10687028428176,29.10687028428176,29.10687028428176,29.10687028428176,29.10687028428176,29.10687028428176,29.10687028428176,29.10687028428176,29.10687028428176,29.10687028428176,29.10687028428176,TRUE,FALSE
SHAPE_Gini,service,PLW,Gini,NA,42.472218,36.472338743547994,31.320038275941048,29.060548595606875,29.060548595606875,29.060548595606875,29.060548595606875,29.060548595606875,29.060548595606875,29.060548595606875,29.060548595606875,29.060548595606875,29.060548595606875,29.060548595606875,29.060548595606875,29.060548595606875,29.060548595606875,TRUE,FALSE
SHAPE_Gini,society,PLW,Gini,NA,42.472218,35.72650835554361,30.0521955146945,29.059296089428667,29.059296089428667,29.059296089428667,29.059296089428667,29.059296089428667,29.059296089428667,29.059296089428667,29.059296089428667,29.059296089428667,29.059296089428667,29.059296089428667,29.059296089428667,29.059296089428667,29.059296089428667,TRUE,FALSE
SHAPE_Gini,innovation,PAN,Gini,NA,53.266869,47.65971531564936,42.64280042381958,38.153992652755555,34.13770064063099,30.544184867770877,30,30,30,30,30,30,30,30,30,30,30,FALSE,FALSE
SHAPE_Gini,service,PAN,Gini,NA,53.266869,45.742072852804526,39.28027436475151,33.73130813584357,30,30,30,30,30,30,30,30,30,30,30,30,30,FALSE,FALSE
SHAPE_Gini,society,PAN,Gini,NA,53.266869,44.80668375741872,37.69019931202132,31.704000498467813,30,30,30,30,30,30,30,30,30,30,30,30,30,FALSE,FALSE
SHAPE_Gini,innovation,PNG,Gini,NA,49.471561,44.263921603516465,39.60446600264446,35.4354894580785,31.705361538008088,30,30,30,30,30,30,30,30,30,30,30,30,FALSE,FALSE
SHAPE_Gini,service,PNG,Gini,NA,49.471561,42.48291273519311,36.48152267655418,31.3279248317032,30,30,30,30,30,30,30,30,30,30,30,30,30,FALSE,FALSE
SHAPE_Gini,society,PNG,Gini,NA,49.471561,41.614170878202906,35.00474177235424,30,30,30,30,30,30,30,30,30,30,30,30,30,30,FALSE,FALSE
SHAPE_Gini,innovation,PRY,Gini,NA,52.241421,46.742211421230444,41.82187786482695,37.419484764601236,33.480510955865896,30,30,30,30,30,30,30,30,30,30,30,30,FALSE,FALSE
SHAPE_Gini,service,PRY,Gini,NA,52.241421,44.86148576361852,38.52408426867536,33.08194197044563,30,30,30,30,30,30,30,30,30,30,30,30,30,FALSE,FALSE
SHAPE_Gini,society,PRY,Gini,NA,52.241421,43.94410397549691,36.9646199748143,31.093662318028624,30,30,30,30,30,30,30,30,30,30,30,30,30,FALSE,FALSE
SHAPE_Gini,innovation,PER,Gini,NA,47.393002,42.40416276905633,37.94047526562303,33.946659228272445,30.37325348964712,30,30,30,30,30,30,30,30,30,30,30,30,FALSE,FALSE
SHAPE_Gini,service,PER,Gini,NA,47.393002,40.69798339746815,34.94874312077958,30.011674873262226,30,30,30,30,30,30,30,30,30,30,30,30,30,FALSE,FALSE
SHAPE_Gini,society,PER,Gini,NA,47.393002,39.86574192916638,33.53400950551506,30,30,30,30,30,30,30,30,30,30,30,30,30,30,FALSE,FALSE
SHAPE_Gini,innovation,PHL,Gini,NA,42.472218,38.00136664132067,34.00114085419508,30.422000090116658,30,30,30,30,30,30,30,30,30,30,30,30,30,FALSE,FALSE
SHAPE_Gini,service,PHL,Gini,NA,42.472218,36.472338743547994,31.320038275941048,30,30,30,30,30,30,30,30,30,30,30,30,30,30,FALSE,FALSE
SHAPE_Gini,society,PHL,Gini,NA,42.472218,35.72650835554361,30.0521955146945,30,30,30,30,30,30,30,30,30,30,30,30,30,30,FALSE,FALSE
SHAPE_Gini,innovation,POL,Gini,NA,36.89323,33.0096525642379,30,30,30,30,30,30,30,30,30,30,30,30,30,30,30,FALSE,FALSE
SHAPE_Gini,service,POL,Gini,NA,36.89323,31.68147191897601,30,30,30,30,30,30,30,30,30,30,30,30,30,30,30,FALSE,FALSE
SHAPE_Gini,society,POL,Gini,NA,36.89323,31.033610956178276,29.89771256276184,29.89771256276184,29.89771256276184,29.89771256276184,29.89771256276184,29.89771256276184,29.89771256276184,29.89771256276184,29.89771256276184,29.89771256276184,29.89771256276184,29.89771256276184,29.89771256276184,29.89771256276184,29.89771256276184,FALSE,FALSE
SHAPE_Gini,innovation,PRT,Gini,NA,36.208961,32.3974133552969,28.98213442400783,28.98213442400783,28.98213442400783,28.98213442400783,28.98213442400783,28.98213442400783,28.98213442400783,28.98213442400783,28.98213442400783,28.98213442400783,28.98213442400783,28.98213442400783,28.98213442400783,28.98213442400783,28.98213442400783,FALSE,FALSE
SHAPE_Gini,service,PRT,Gini,NA,36.208961,31.093866845944294,28.980323416469925,28.980323416469925,28.980323416469925,28.980323416469925,28.980323416469925,28.980323416469925,28.980323416469925,28.980323416469925,28.980323416469925,28.980323416469925,28.980323416469925,28.980323416469925,28.980323416469925,28.980323416469925,28.980323416469925,FALSE,FALSE
SHAPE_Gini,society,PRT,Gini,NA,36.208961,30.458021940649598,28.499778369303243,28.499778369303243,28.499778369303243,28.499778369303243,28.499778369303243,28.499778369303243,28.499778369303243,28.499778369303243,28.499778369303243,28.499778369303243,28.499778369303243,28.499778369303243,28.499778369303243,28.499778369303243,28.499778369303243,FALSE,FALSE
SHAPE_Gini,innovation,PRI,Gini,NA,56.148739,50.23822436555635,44.94988190926211,40.218218481500934,35.98463508960743,32.19670118227179,30,30,30,30,30,30,30,30,30,30,30,FALSE,FALSE
SHAPE_Gini,service,PRI,Gini,NA,56.148739,48.216832679448586,41.4054348333262,35.55625574028121,30.533366630670415,30,30,30,30,30,30,30,30,30,30,30,30,FALSE,FALSE
SHAPE_Gini,society,PRI,Gini,NA,56.148739,47.23083670922807,39.7293327683417,33.41926572114346,30,30,30,30,30,30,30,30,30,30,30,30,30,FALSE,FALSE
SHAPE_Gini,innovation,QAT,Gini,NA,45.389492,40.611552878055285,36.336565017451186,32.511585095799546,30,30,30,30,30,30,30,30,30,30,30,30,30,FALSE,FALSE
SHAPE_Gini,service,QAT,Gini,NA,45.389492,38.977501189637934,33.47130650830432,30,30,30,30,30,30,30,30,30,30,30,30,30,30,FALSE,FALSE
SHAPE_Gini,society,QAT,Gini,NA,45.389492,38.180442217354404,32.11637988618023,30,30,30,30,30,30,30,30,30,30,30,30,30,30,FALSE,FALSE
SHAPE_Gini,innovation,RUS,Gini,NA,41.388737,37.031938608861786,33.13375996785088,30,30,30,30,30,30,30,30,30,30,30,30,30,30,FALSE,FALSE
SHAPE_Gini,service,RUS,Gini,NA,41.388737,35.54191674264854,30.521053245508803,30,30,30,30,30,30,30,30,30,30,30,30,30,30,FALSE,FALSE
SHAPE_Gini,society,RUS,Gini,NA,41.388737,34.81511274631094,30,30,30,30,30,30,30,30,30,30,30,30,30,30,30,FALSE,FALSE
SHAPE_Gini,innovation,RWA,Gini,NA,56.981422,50.983254728204116,45.616486416940376,40.81465265644887,36.51828543392451,32.67417665559555,30,30,30,30,30,30,30,30,30,30,30,FALSE,FALSE
SHAPE_Gini,service,RWA,Gini,NA,56.981422,48.93188590417054,42.01947536758145,36.0835532402052,30.98617493552169,30,30,30,30,30,30,30,30,30,30,30,30,FALSE,FALSE
SHAPE_Gini,society,RWA,Gini,NA,56.981422,47.93126766286979,40.31851679253753,33.91487176562612,30,30,30,30,30,30,30,30,30,30,30,30,30,FALSE,FALSE
SHAPE_Gini,innovation,WSM,Gini,NA,48.206718,43.13222269891233,38.591895738443924,34.529507720558144,30.89474825245159,30,30,30,30,30,30,30,30,30,30,30,30,FALSE,TRUE
SHAPE_Gini,service,WSM,Gini,NA,48.206718,41.39674901392465,35.54879693162002,30.526961497881857,30,30,30,30,30,30,30,30,30,30,30,30,30,FALSE,TRUE
SHAPE_Gini,society,WSM,Gini,NA,48.206718,40.55021834320813,34.109772992259145,30,30,30,30,30,30,30,30,30,30,30,30,30,30,FALSE,TRUE
SHAPE_Gini,innovation,STP,Gini,NA,36.291,32.470816494212016,29.052765804215678,29.052765804215678,29.052765804215678,29.052765804215678,29.052765804215678,29.052765804215678,29.052765804215678,29.052765804215678,29.052765804215678,29.052765804215678,29.052765804215678,29.052765804215678,29.052765804215678,29.052765804215678,29.052765804215678,FALSE,TRUE
SHAPE_Gini,service,STP,Gini,NA,36.291,31.164316526678693,27.863854021592104,27.863854021592104,27.863854021592104,27.863854021592104,27.863854021592104,27.863854021592104,27.863854021592104,27.863854021592104,27.863854021592104,27.863854021592104,27.863854021592104,27.863854021592104,27.863854021592104,27.863854021592104,27.863854021592104,FALSE,TRUE
SHAPE_Gini,society,STP,Gini,NA,36.291,30.5270309813119,27.86364926669546,27.86364926669546,27.86364926669546,27.86364926669546,27.86364926669546,27.86364926669546,27.86364926669546,27.86364926669546,27.86364926669546,27.86364926669546,27.86364926669546,27.86364926669546,27.86364926669546,27.86364926669546,27.86364926669546,FALSE,TRUE
SHAPE_Gini,innovation,SAU,Gini,NA,40.803852,36.50862171196677,32.66553018836289,30,30,30,30,30,30,30,30,30,30,30,30,30,30,FALSE,FALSE
SHAPE_Gini,service,SAU,Gini,NA,40.803852,35.039656092026995,30.089744935049865,30,30,30,30,30,30,30,30,30,30,30,30,30,30,FALSE,FALSE
SHAPE_Gini,society,SAU,Gini,NA,40.803852,34.32312292747143,30,30,30,30,30,30,30,30,30,30,30,30,30,30,30,FALSE,FALSE
SHAPE_Gini,innovation,SEN,Gini,NA,45.234894,40.47322868504952,36.21280156403849,32.40084964115643,30,30,30,30,30,30,30,30,30,30,30,30,30,FALSE,FALSE
SHAPE_Gini,service,SEN,Gini,NA,45.234894,38.84474262673277,33.357302213134616,30,30,30,30,30,30,30,30,30,30,30,30,30,30,FALSE,FALSE
SHAPE_Gini,society,SEN,Gini,NA,45.234894,38.05039846172219,32.00699051258592,30,30,30,30,30,30,30,30,30,30,30,30,30,30,FALSE,FALSE
SHAPE_Gini,innovation,SRB,Gini,NA,29.838779,NA,NA,NA,NA,NA,NA,NA,NA,NA,NA,NA,NA,NA,NA,NA,NA,FALSE,FALSE
SHAPE_Gini,service,SRB,Gini,NA,29.838779,25.623574812642616,24.847869624454738,24.847869624454738,24.847869624454738,24.847869624454738,24.847869624454738,24.847869624454738,24.847869624454738,24.847869624454738,24.847869624454738,24.847869624454738,24.847869624454738,24.847869624454738,24.847869624454738,24.847869624454738,24.847869624454738,FALSE,FALSE
SHAPE_Gini,society,SRB,Gini,NA,29.838779,25.09959303897713,24.791997883247166,24.791997883247166,24.791997883247166,24.791997883247166,24.791997883247166,24.791997883247166,24.791997883247166,24.791997883247166,24.791997883247166,24.791997883247166,24.791997883247166,24.791997883247166,24.791997883247166,24.791997883247166,24.791997883247166,FALSE,FALSE
SHAPE_Gini,innovation,SYC,Gini,NA,48.5096415,43.40325886160513,38.83440119439977,34.74648576357672,31.08888603366813,30,30,30,30,30,30,30,30,30,30,30,30,TRUE,FALSE
SHAPE_Gini,service,SYC,Gini,NA,48.5096415,41.656879730558785,35.77218002912347,30.718788164474336,30,30,30,30,30,30,30,30,30,30,30,30,30,TRUE,FALSE
SHAPE_Gini,society,SYC,Gini,NA,48.5096415,40.805029593090126,34.324113487685956,30,30,30,30,30,30,30,30,30,30,30,30,30,30,TRUE,FALSE
SHAPE_Gini,innovation,SLE,Gini,NA,39.460999,35.30712455449792,31.590509006293274,30,30,30,30,30,30,30,30,30,30,30,30,30,30,FALSE,FALSE
SHAPE_Gini,service,SLE,Gini,NA,39.460999,33.88650252941367,29.099492733976632,29.099492733976632,29.099492733976632,29.099492733976632,29.099492733976632,29.099492733976632,29.099492733976632,29.099492733976632,29.099492733976632,29.099492733976632,29.099492733976632,29.099492733976632,29.099492733976632,29.099492733976632,29.099492733976632,FALSE,FALSE
SHAPE_Gini,society,SLE,Gini,NA,39.460999,33.193550440233615,27.921538195937032,27.921538195937032,27.921538195937032,27.921538195937032,27.921538195937032,27.921538195937032,27.921538195937032,27.921538195937032,27.921538195937032,27.921538195937032,27.921538195937032,27.921538195937032,27.921538195937032,27.921538195937032,27.921538195937032,FALSE,FALSE
SHAPE_Gini,innovation,SGP,Gini,NA,52.941422,47.36852659625359,42.382263776367466,37.92088147727308,33.92912798620313,30.357567679276816,30,30,30,30,30,30,30,30,30,30,30,FALSE,FALSE
SHAPE_Gini,service,SGP,Gini,NA,52.941422,45.46260044034254,39.04028189492594,33.52521843609257,30,30,30,30,30,30,30,30,30,30,30,30,30,FALSE,FALSE
SHAPE_Gini,society,SGP,Gini,NA,52.941422,44.53292633404171,37.45992179570064,31.510297131930077,30,30,30,30,30,30,30,30,30,30,30,30,30,FALSE,FALSE
SHAPE_Gini,innovation,SVK,Gini,NA,29.337185,NA,NA,NA,NA,NA,NA,NA,NA,NA,NA,NA,NA,NA,NA,NA,NA,FALSE,FALSE
SHAPE_Gini,service,SVK,Gini,NA,29.337185,NA,NA,NA,NA,NA,NA,NA,NA,NA,NA,NA,NA,NA,NA,NA,NA,FALSE,FALSE
SHAPE_Gini,society,SVK,Gini,NA,29.337185,NA,NA,NA,NA,NA,NA,NA,NA,NA,NA,NA,NA,NA,NA,NA,NA,FALSE,FALSE
SHAPE_Gini,innovation,SVN,Gini,NA,25.125984,NA,NA,NA,NA,NA,NA,NA,NA,NA,NA,NA,NA,NA,NA,NA,NA,FALSE,FALSE
SHAPE_Gini,service,SVN,Gini,NA,25.125984,NA,NA,NA,NA,NA,NA,NA,NA,NA,NA,NA,NA,NA,NA,NA,NA,FALSE,FALSE
SHAPE_Gini,society,SVN,Gini,NA,25.125984,NA,NA,NA,NA,NA,NA,NA,NA,NA,NA,NA,NA,NA,NA,NA,NA,FALSE,FALSE
SHAPE_Gini,innovation,SLB,Gini,NA,45.557102,40.761519358796924,36.47074522952704,32.631640785735605,29.339064158588318,29.339064158588318,29.339064158588318,29.339064158588318,29.339064158588318,29.339064158588318,29.339064158588318,29.339064158588318,29.339064158588318,29.339064158588318,29.339064158588318,29.339064158588318,29.339064158588318,FALSE,FALSE
SHAPE_Gini,service,SLB,Gini,NA,45.557102,39.12143359968552,33.594906166213185,28.849089015125994,27.259954071185494,27.259954071185494,27.259954071185494,27.259954071185494,27.259954071185494,27.259954071185494,27.259954071185494,27.259954071185494,27.259954071185494,27.259954071185494,27.259954071185494,27.259954071185494,27.259954071185494,FALSE,FALSE
SHAPE_Gini,society,SLB,Gini,NA,45.557102,38.32143132382096,32.234976199898014,27.115210854926524,27.115210854926524,27.115210854926524,27.115210854926524,27.115210854926524,27.115210854926524,27.115210854926524,27.115210854926524,27.115210854926524,27.115210854926524,27.115210854926524,27.115210854926524,27.115210854926524,27.115210854926524,FALSE,FALSE
SHAPE_Gini,innovation,ZAF,Gini,NA,69.021423,61.75586124390026,55.25511112652464,49.438664510668595,44.23448797345988,39.578130712894215,35.41192636086977,31.684278817622868,30,30,30,30,30,30,30,30,30,FALSE,FALSE
SHAPE_Gini,service,ZAF,Gini,NA,69.021423,59.271044432332566,50.89806259282051,43.70789819066333,37.53345936815406,32.23125866166231,30,30,30,30,30,30,30,30,30,30,30,FALSE,FALSE
SHAPE_Gini,society,ZAF,Gini,NA,69.021423,58.05899860282808,48.8376966490997,41.08098092262487,34.55623645993918,30,30,30,30,30,30,30,30,30,30,30,30,FALSE,FALSE
SHAPE_Gini,innovation,ESP,Gini,NA,31.988564,28.62127777017323,26.2,26.2,26.2,26.2,26.2,26.2,26.2,26.2,26.2,26.2,26.2,26.2,26.2,26.2,26.2,FALSE,FALSE
SHAPE_Gini,service,ESP,Gini,NA,31.988564,27.46966834008209,24.99518140855557,24.99518140855557,24.99518140855557,24.99518140855557,24.99518140855557,24.99518140855557,24.99518140855557,24.99518140855557,24.99518140855557,24.99518140855557,24.99518140855557,24.99518140855557,24.99518140855557,24.99518140855557,24.99518140855557,FALSE,FALSE
SHAPE_Gini,society,ESP,Gini,NA,31.988564,26.907935418579775,24.602318863821182,24.602318863821182,24.602318863821182,24.602318863821182,24.602318863821182,24.602318863821182,24.602318863821182,24.602318863821182,24.602318863821182,24.602318863821182,24.602318863821182,24.602318863821182,24.602318863821182,24.602318863821182,24.602318863821182,FALSE,FALSE
SHAPE_Gini,innovation,LKA,Gini,NA,42.788174,38.28406343381041,34.25407948009232,30.64831305216806,30,30,30,30,30,30,30,30,30,30,30,30,30,FALSE,FALSE
SHAPE_Gini,service,LKA,Gini,NA,42.788174,36.74366091137207,31.55303185337826,30,30,30,30,30,30,30,30,30,30,30,30,30,30,FALSE,FALSE
SHAPE_Gini,society,LKA,Gini,NA,42.788174,35.992282200318655,30.27575745549168,30,30,30,30,30,30,30,30,30,30,30,30,30,30,FALSE,FALSE
SHAPE_Gini,innovation,KNA,Gini,NA,48.537525,43.428207196225735,38.85672333474591,34.766458156812995,31.10675602666158,30,30,30,30,30,30,30,30,30,30,30,30,TRUE,TRUE
SHAPE_Gini,service,KNA,Gini,NA,48.537525,41.68082424076439,35.79274199476575,30.736445424006632,30,30,30,30,30,30,30,30,30,30,30,30,30,TRUE,TRUE
SHAPE_Gini,society,KNA,Gini,NA,48.537525,40.82848445706101,34.343843099961774,30,30,30,30,30,30,30,30,30,30,30,30,30,30,TRUE,TRUE
SHAPE_Gini,innovation,LCA,Gini,NA,41.866489,37.459399894628035,33.51622440720212,30,30,30,30,30,30,30,30,30,30,30,30,30,30,FALSE,TRUE
SHAPE_Gini,service,LCA,Gini,NA,41.866489,35.952178640894765,30.873359096981112,30,30,30,30,30,30,30,30,30,30,30,30,30,30,FALSE,TRUE
SHAPE_Gini,society,LCA,Gini,NA,41.866489,35.21698511426398,30,30,30,30,30,30,30,30,30,30,30,30,30,30,30,FALSE,TRUE
SHAPE_Gini,innovation,VCT,Gini,NA,48.537525,43.428207196225735,38.85672333474591,34.766458156812995,31.10675602666158,30,30,30,30,30,30,30,30,30,30,30,30,FALSE,TRUE
SHAPE_Gini,service,VCT,Gini,NA,48.537525,41.68082424076439,35.79274199476575,30.736445424006632,30,30,30,30,30,30,30,30,30,30,30,30,30,FALSE,TRUE
SHAPE_Gini,society,VCT,Gini,NA,48.537525,40.82848445706101,34.343843099961774,30,30,30,30,30,30,30,30,30,30,30,30,30,30,FALSE,TRUE
SHAPE_Gini,innovation,SDN,Gini,NA,40.483444,36.221941560654386,32.40902751315975,30,30,30,30,30,30,30,30,30,30,30,30,30,30,FALSE,FALSE
SHAPE_Gini,service,SDN,Gini,NA,40.483444,34.764510840320504,30,30,30,30,30,30,30,30,30,30,30,30,30,30,30,FALSE,FALSE
SHAPE_Gini,society,SDN,Gini,NA,40.483444,34.0536041778459,30,30,30,30,30,30,30,30,30,30,30,30,30,30,30,FALSE,FALSE
SHAPE_Gini,innovation,SUR,Gini,NA,57.251419,51.224830409254174,45.832632558100464,41.008046106217165,36.69132126150184,32.82899781247158,30,30,30,30,30,30,30,30,30,30,30,FALSE,FALSE
SHAPE_Gini,service,SUR,Gini,NA,57.251419,49.163741514907464,42.2185776695707,36.25452916151856,31.132997776728878,30,30,30,30,30,30,30,30,30,30,30,30,FALSE,FALSE
SHAPE_Gini,society,SUR,Gini,NA,57.251419,48.15838201033504,40.50955938495361,34.07557175012464,30,30,30,30,30,30,30,30,30,30,30,30,30,FALSE,FALSE
SHAPE_Gini,innovation,SWE,Gini,NA,27.495983,NA,NA,NA,NA,NA,NA,NA,NA,NA,NA,NA,NA,NA,NA,NA,NA,FALSE,FALSE
SHAPE_Gini,service,SWE,Gini,NA,27.495983,NA,NA,NA,NA,NA,NA,NA,NA,NA,NA,NA,NA,NA,NA,NA,NA,FALSE,FALSE
SHAPE_Gini,society,SWE,Gini,NA,27.495983,NA,NA,NA,NA,NA,NA,NA,NA,NA,NA,NA,NA,NA,NA,NA,NA,FALSE,FALSE
SHAPE_Gini,innovation,CHE,Gini,NA,31.660017,NA,NA,NA,NA,NA,NA,NA,NA,NA,NA,NA,NA,NA,NA,NA,NA,FALSE,FALSE
SHAPE_Gini,service,CHE,Gini,NA,31.660017,NA,NA,NA,NA,NA,NA,NA,NA,NA,NA,NA,NA,NA,NA,NA,NA,FALSE,FALSE
SHAPE_Gini,society,CHE,Gini,NA,31.660017,NA,NA,NA,NA,NA,NA,NA,NA,NA,NA,NA,NA,NA,NA,NA,NA,FALSE,FALSE
SHAPE_Gini,innovation,TJK,Gini,NA,30.890074,27.638420664810276,26.2,26.2,26.2,26.2,26.2,26.2,26.2,26.2,26.2,26.2,26.2,26.2,26.2,26.2,26.2,FALSE,FALSE
SHAPE_Gini,service,TJK,Gini,NA,30.890074,26.5263576001909,24.855770264207898,24.855770264207898,24.855770264207898,24.855770264207898,24.855770264207898,24.855770264207898,24.855770264207898,24.855770264207898,24.855770264207898,24.855770264207898,24.855770264207898,24.855770264207898,24.855770264207898,24.855770264207898,24.855770264207898,FALSE,FALSE
SHAPE_Gini,society,TJK,Gini,NA,30.890074,25.98391463484107,24.85561652571041,24.85561652571041,24.85561652571041,24.85561652571041,24.85561652571041,24.85561652571041,24.85561652571041,24.85561652571041,24.85561652571041,24.85561652571041,24.85561652571041,24.85561652571041,24.85561652571041,24.85561652571041,24.85561652571041,FALSE,FALSE
SHAPE_Gini,innovation,TZA,Gini,NA,42.783081,38.27950655005397,34.25000227813479,30.644665038154315,30,30,30,30,30,30,30,30,30,30,30,30,30,FALSE,FALSE
SHAPE_Gini,service,TZA,Gini,NA,42.783081,36.73928737897918,31.54927615229999,28.86284413062765,28.86284413062765,28.86284413062765,28.86284413062765,28.86284413062765,28.86284413062765,28.86284413062765,28.86284413062765,28.86284413062765,28.86284413062765,28.86284413062765,28.86284413062765,28.86284413062765,28.86284413062765,FALSE,FALSE
SHAPE_Gini,society,TZA,Gini,NA,42.783081,35.987998103192986,30.272153786105818,28.862469834971996,28.862469834971996,28.862469834971996,28.862469834971996,28.862469834971996,28.862469834971996,28.862469834971996,28.862469834971996,28.862469834971996,28.862469834971996,28.862469834971996,28.862469834971996,28.862469834971996,28.862469834971996,FALSE,FALSE
SHAPE_Gini,innovation,THA,Gini,NA,38.973114,34.870596922157155,31.199932592185377,30,30,30,30,30,30,30,30,30,30,30,30,30,30,FALSE,FALSE
SHAPE_Gini,service,THA,Gini,NA,38.973114,33.467539079285025,30,30,30,30,30,30,30,30,30,30,30,30,30,30,30,FALSE,FALSE
SHAPE_Gini,society,THA,Gini,NA,38.973114,32.78315446022983,30,30,30,30,30,30,30,30,30,30,30,30,30,30,30,FALSE,FALSE
SHAPE_Gini,innovation,TLS,Gini,NA,37.030998,33.132918372476155,29.64517132044802,26.524563056563462,26.2,26.2,26.2,26.2,26.2,26.2,26.2,26.2,26.2,26.2,26.2,26.2,26.2,FALSE,FALSE
SHAPE_Gini,service,TLS,Gini,NA,37.030998,31.79977798822864,27.307551368197824,24.8,24.8,24.8,24.8,24.8,24.8,24.8,24.8,24.8,24.8,24.8,24.8,24.8,24.8,FALSE,FALSE
SHAPE_Gini,society,TLS,Gini,NA,37.030998,31.149497760185696,26.20213505214776,24,24,24,24,24,24,24,24,24,24,24,24,24,24,FALSE,FALSE
SHAPE_Gini,innovation,TGO,Gini,NA,51.636955,46.20137472444638,41.337972512684246,36.98651786123696,33.093120449481155,30,30,30,30,30,30,30,30,30,30,30,30,FALSE,FALSE
SHAPE_Gini,service,TGO,Gini,NA,51.636955,44.34241024203974,38.07833645638769,32.69916315715287,30,30,30,30,30,30,30,30,30,30,30,30,30,FALSE,FALSE
SHAPE_Gini,society,TGO,Gini,NA,51.636955,43.43564313646933,36.53691614229994,30.733889147104932,30,30,30,30,30,30,30,30,30,30,30,30,30,FALSE,FALSE
SHAPE_Gini,innovation,TON,Gini,NA,37.570999,33.61607599771908,30.077469206619313,28.483347395103742,28.483347395103742,28.483347395103742,28.483347395103742,28.483347395103742,28.483347395103742,28.483347395103742,28.483347395103742,28.483347395103742,28.483347395103742,28.483347395103742,28.483347395103742,28.483347395103742,28.483347395103742,FALSE,FALSE
SHAPE_Gini,service,TON,Gini,NA,37.570999,32.263495220840674,27.705761134145217,27.705761134145217,27.705761134145217,27.705761134145217,27.705761134145217,27.705761134145217,27.705761134145217,27.705761134145217,27.705761134145217,27.705761134145217,27.705761134145217,27.705761134145217,27.705761134145217,27.705761134145217,27.705761134145217,FALSE,FALSE
SHAPE_Gini,society,TON,Gini,NA,37.570999,31.603732343331366,26.58422518999106,26.58422518999106,26.58422518999106,26.58422518999106,26.58422518999106,26.58422518999106,26.58422518999106,26.58422518999106,26.58422518999106,26.58422518999106,26.58422518999106,26.58422518999106,26.58422518999106,26.58422518999106,26.58422518999106,FALSE,FALSE
SHAPE_Gini,innovation,TTO,Gini,NA,39.740997,35.55764847714393,31.814661449589096,30,30,30,30,30,30,30,30,30,30,30,30,30,30,FALSE,TRUE
SHAPE_Gini,service,TTO,Gini,NA,39.740997,34.12694633914162,30,30,30,30,30,30,30,30,30,30,30,30,30,30,30,FALSE,TRUE
SHAPE_Gini,society,TTO,Gini,NA,39.740997,33.4290773648349,30,30,30,30,30,30,30,30,30,30,30,30,30,30,30,FALSE,TRUE
SHAPE_Gini,innovation,TUN,Gini,NA,41.278343,36.93316526792155,33.04538403364707,30,30,30,30,30,30,30,30,30,30,30,30,30,30,FALSE,FALSE
SHAPE_Gini,service,TUN,Gini,NA,41.278343,35.44711765861541,30.439646046444366,30,30,30,30,30,30,30,30,30,30,30,30,30,30,FALSE,FALSE
SHAPE_Gini,society,TUN,Gini,NA,41.278343,34.722252228327115,30,30,30,30,30,30,30,30,30,30,30,30,30,30,30,FALSE,FALSE
SHAPE_Gini,innovation,TUR,Gini,NA,40.388737,36.13720392273542,32.33320980929323,30,30,30,30,30,30,30,30,30,30,30,30,30,30,FALSE,FALSE
SHAPE_Gini,service,TUR,Gini,NA,40.388737,34.68318271694854,30,30,30,30,30,30,30,30,30,30,30,30,30,30,30,FALSE,FALSE
SHAPE_Gini,society,TUR,Gini,NA,40.388737,33.973939150066364,30,30,30,30,30,30,30,30,30,30,30,30,30,30,30,FALSE,FALSE
SHAPE_Gini,innovation,TKM,Gini,NA,41.118736,NA,NA,NA,NA,NA,NA,NA,NA,NA,NA,NA,NA,NA,NA,NA,NA,FALSE,FALSE
SHAPE_Gini,service,TKM,Gini,NA,41.118736,NA,NA,NA,NA,NA,NA,NA,NA,NA,NA,NA,NA,NA,NA,NA,NA,FALSE,FALSE
SHAPE_Gini,society,TKM,Gini,NA,41.118736,NA,NA,NA,NA,NA,NA,NA,NA,NA,NA,NA,NA,NA,NA,NA,NA,FALSE,FALSE
SHAPE_Gini,innovation,TUV,Gini,NA,42.472218,NA,NA,NA,NA,NA,NA,NA,NA,NA,NA,NA,NA,NA,NA,NA,NA,TRUE,TRUE
SHAPE_Gini,service,TUV,Gini,NA,42.472218,NA,NA,NA,NA,NA,NA,NA,NA,NA,NA,NA,NA,NA,NA,NA,NA,TRUE,TRUE
SHAPE_Gini,society,TUV,Gini,NA,42.472218,NA,NA,NA,NA,NA,NA,NA,NA,NA,NA,NA,NA,NA,NA,NA,NA,TRUE,TRUE
SHAPE_Gini,innovation,UGA,Gini,NA,48.514957,43.408014823829234,38.83865651876758,34.75029314988932,31.092292634265497,30,30,30,30,30,30,30,30,30,30,30,30,FALSE,FALSE
SHAPE_Gini,service,UGA,Gini,NA,48.514957,41.66144433127239,35.77609980706998,30.722154211170192,30,30,30,30,30,30,30,30,30,30,30,30,30,FALSE,FALSE
SHAPE_Gini,society,UGA,Gini,NA,48.514957,40.809500851340964,34.327874592068554,30,30,30,30,30,30,30,30,30,30,30,30,30,30,FALSE,FALSE
SHAPE_Gini,innovation,UKR,Gini,NA,24.805983,NA,NA,NA,NA,NA,NA,NA,NA,NA,NA,NA,NA,NA,NA,NA,NA,FALSE,FALSE
SHAPE_Gini,service,UKR,Gini,NA,24.805983,NA,NA,NA,NA,NA,NA,NA,NA,NA,NA,NA,NA,NA,NA,NA,NA,FALSE,FALSE
SHAPE_Gini,society,UKR,Gini,NA,24.805983,NA,NA,NA,NA,NA,NA,NA,NA,NA,NA,NA,NA,NA,NA,NA,NA,FALSE,FALSE
SHAPE_Gini,innovation,ARE,Gini,NA,40.803852,36.50862171196677,32.66553018836289,30,30,30,30,30,30,30,30,30,30,30,30,30,30,FALSE,FALSE
SHAPE_Gini,service,ARE,Gini,NA,40.803852,35.039656092026995,30.089744935049865,30,30,30,30,30,30,30,30,30,30,30,30,30,30,FALSE,FALSE
SHAPE_Gini,society,ARE,Gini,NA,40.803852,34.32312292747143,30,30,30,30,30,30,30,30,30,30,30,30,30,30,30,FALSE,FALSE
SHAPE_Gini,innovation,GBR,Gini,NA,33.576939,30.042451977249204,26.880023840330548,26.880023840330548,26.880023840330548,26.880023840330548,26.880023840330548,26.880023840330548,26.880023840330548,26.880023840330548,26.880023840330548,26.880023840330548,26.880023840330548,26.880023840330548,26.880023840330548,26.880023840330548,26.880023840330548,FALSE,FALSE
SHAPE_Gini,service,GBR,Gini,NA,33.576939,28.833659998153333,26.82088978199609,26.82088978199609,26.82088978199609,26.82088978199609,26.82088978199609,26.82088978199609,26.82088978199609,26.82088978199609,26.82088978199609,26.82088978199609,26.82088978199609,26.82088978199609,26.82088978199609,26.82088978199609,26.82088978199609,FALSE,FALSE
SHAPE_Gini,society,GBR,Gini,NA,33.576939,28.244034529514757,26.10559284967447,26.10559284967447,26.10559284967447,26.10559284967447,26.10559284967447,26.10559284967447,26.10559284967447,26.10559284967447,26.10559284967447,26.10559284967447,26.10559284967447,26.10559284967447,26.10559284967447,26.10559284967447,26.10559284967447,FALSE,FALSE
SHAPE_Gini,innovation,USA,Gini,NA,41.544552,37.17135169398057,33.25849769080654,30,30,30,30,30,30,30,30,30,30,30,30,30,30,FALSE,FALSE
SHAPE_Gini,service,USA,Gini,NA,41.544552,35.675720384862984,30.63595498584094,30,30,30,30,30,30,30,30,30,30,30,30,30,30,FALSE,FALSE
SHAPE_Gini,society,USA,Gini,NA,41.544552,34.94618021020979,30,30,30,30,30,30,30,30,30,30,30,30,30,30,30,FALSE,FALSE
SHAPE_Gini,innovation,URY,Gini,NA,42.469913,37.99930427786915,33.999295586079604,30.42034906472854,30,30,30,30,30,30,30,30,30,30,30,30,30,FALSE,FALSE
SHAPE_Gini,service,URY,Gini,NA,42.469913,36.47035936161876,31.318338513328555,30,30,30,30,30,30,30,30,30,30,30,30,30,30,FALSE,FALSE
SHAPE_Gini,society,URY,Gini,NA,42.469913,35.72456945040426,30.05056455888566,30,30,30,30,30,30,30,30,30,30,30,30,30,30,FALSE,FALSE
SHAPE_Gini,innovation,UZB,Gini,NA,35.294701,31.579393221159005,28.78285487229991,28.78285487229991,28.78285487229991,28.78285487229991,28.78285487229991,28.78285487229991,28.78285487229991,28.78285487229991,28.78285487229991,28.78285487229991,28.78285487229991,28.78285487229991,28.78285487229991,28.78285487229991,28.78285487229991,FALSE,FALSE
SHAPE_Gini,service,UZB,Gini,NA,35.294701,30.308760675607815,28.452603739906813,28.452603739906813,28.452603739906813,28.452603739906813,28.452603739906813,28.452603739906813,28.452603739906813,28.452603739906813,28.452603739906813,28.452603739906813,28.452603739906813,28.452603739906813,28.452603739906813,28.452603739906813,28.452603739906813,FALSE,FALSE
SHAPE_Gini,society,UZB,Gini,NA,35.294701,29.68897056854703,28.448734487971826,28.448734487971826,28.448734487971826,28.448734487971826,28.448734487971826,28.448734487971826,28.448734487971826,28.448734487971826,28.448734487971826,28.448734487971826,28.448734487971826,28.448734487971826,28.448734487971826,28.448734487971826,28.448734487971826,FALSE,FALSE
SHAPE_Gini,innovation,VUT,Gini,NA,42.324783,37.86945143287163,33.88311174156813,30.31639534907661,29.422270831209296,29.422270831209296,29.422270831209296,29.422270831209296,29.422270831209296,29.422270831209296,29.422270831209296,29.422270831209296,29.422270831209296,29.422270831209296,29.422270831209296,29.422270831209296,29.422270831209296,FALSE,FALSE
SHAPE_Gini,service,VUT,Gini,NA,42.324783,36.34573129246892,31.211316149792292,27.242572750565557,27.242572750565557,27.242572750565557,27.242572750565557,27.242572750565557,27.242572750565557,27.242572750565557,27.242572750565557,27.242572750565557,27.242572750565557,27.242572750565557,27.242572750565557,27.242572750565557,27.242572750565557,FALSE,FALSE
SHAPE_Gini,society,VUT,Gini,NA,42.324783,35.60248992638129,29.947874486635428,27.241336300889017,27.241336300889017,27.241336300889017,27.241336300889017,27.241336300889017,27.241336300889017,27.241336300889017,27.241336300889017,27.241336300889017,27.241336300889017,27.241336300889017,27.241336300889017,27.241336300889017,27.241336300889017,FALSE,FALSE
SHAPE_Gini,innovation,VNM,Gini,NA,45.7631,40.94583291466959,36.6356569610896,32.77919303211379,30,30,30,30,30,30,30,30,30,30,30,30,30,FALSE,FALSE
SHAPE_Gini,service,VNM,Gini,NA,45.7631,39.29833109151167,33.74681406150528,30,30,30,30,30,30,30,30,30,30,30,30,30,30,FALSE,FALSE
SHAPE_Gini,society,VNM,Gini,NA,45.7631,38.494711402300155,32.380734826669894,30,30,30,30,30,30,30,30,30,30,30,30,30,30,FALSE,FALSE
SHAPE_Gini,innovation,PSE,Gini,NA,39.931,35.72765075171199,31.966768381365526,30,30,30,30,30,30,30,30,30,30,30,30,30,30,FALSE,FALSE
SHAPE_Gini,service,PSE,Gini,NA,39.931,34.29010838022669,29.44608281104137,29.4043797445741,29.4043797445741,29.4043797445741,29.4043797445741,29.4043797445741,29.4043797445741,29.4043797445741,29.4043797445741,29.4043797445741,29.4043797445741,29.4043797445741,29.4043797445741,29.4043797445741,29.4043797445741,FALSE,FALSE
SHAPE_Gini,society,PSE,Gini,NA,39.931,33.588902871642155,28.25409822244899,28.25409822244899,28.25409822244899,28.25409822244899,28.25409822244899,28.25409822244899,28.25409822244899,28.25409822244899,28.25409822244899,28.25409822244899,28.25409822244899,28.25409822244899,28.25409822244899,28.25409822244899,28.25409822244899,FALSE,FALSE
SHAPE_Gini,innovation,ZMB,Gini,NA,61.261421,54.81271829009028,49.04284029501695,43.88033031810758,39.261253574293335,35.128405393723085,31.430602774072636,30,30,30,30,30,30,30,30,30,30,FALSE,FALSE
SHAPE_Gini,service,ZMB,Gini,NA,61.261421,52.60726667543251,45.17564989326761,38.793867696459465,33.31361417945382,30,30,30,30,30,30,30,30,30,30,30,30,FALSE,FALSE
SHAPE_Gini,society,ZMB,Gini,NA,61.261421,51.53148981362298,43.34692860636597,36.46229182197374,30.671117139208842,30,30,30,30,30,30,30,30,30,30,30,30,FALSE,FALSE
SHAPE_Gini,innovation,ZWE,Gini,NA,44.713902,40.00707907145517,35.795721335831225,32.02767349408188,28.656270391085148,26.648836280456358,26.648836280456358,26.648836280456358,26.648836280456358,26.648836280456358,26.648836280456358,26.648836280456358,26.648836280456358,26.648836280456358,26.648836280456358,26.648836280456358,26.648836280456358,FALSE,FALSE
SHAPE_Gini,service,ZWE,Gini,NA,44.713902,38.397349069215274,32.97311014241538,28.315131612445853,24.8,24.8,24.8,24.8,24.8,24.8,24.8,24.8,24.8,24.8,24.8,24.8,24.8,FALSE,FALSE
SHAPE_Gini,society,ZWE,Gini,NA,44.713902,37.61215374746753,31.63835063026116,26.613345178903625,24,24,24,24,24,24,24,24,24,24,24,24,24,FALSE,FALSE
